Latitude,Longitude,clay,cec,ocs,sand,silt,ocd,nitrogen,wv1500,cfvo,wv0033,wv0010,soc,bdod,phh2o
8.2,93.5,267,193,65,444,289,424,492,148,92,330,361,558.0,81.0,54
8.3,77.1,327,245,57,367,306,356,461,191,110,284,370,528.0,135.0,61
8.3,77.2,296,186,50,401,303,311,426,186,65,278,379,408.0,134.0,56
8.3,77.3,350,210,54,364,286,339,426,195,135,278,355,514.0,135.0,57
8.3,77.4,354,214,58,352,294,366,482,178,133,270,378,526.0,126.0,58
8.3,77.5,361,205,63,357,282,406,462,179,117,290,375,510.0,120.0,57
8.3,77.6,347,272,43,368,285,328,250,167,53,269,366,268.0,141.0,64
8.3,77.7,331,247,38,399,269,274,244,160,77,281,351,432.0,141.0,70
8.3,77.8,320,283,43,371,309,297,256,176,63,294,348,639.0,145.0,68
8.3,77.9,283,239,36,379,338,274,224,168,124,304,348,422.0,138.0,69
8.3,79.9,267,211,70,456,278,384,525,196,99,314,334,766.0,122.0,59
8.3,80.0,257,160,55,562,181,336,485,192,87,301,347,568.0,125.0,57
8.3,80.1,300,180,57,498,202,351,408,194,105,311,344,481.0,129.0,58
8.3,80.2,271,207,54,506,223,354,321,181,86,319,324,407.0,136.0,60
8.3,80.3,253,166,53,532,214,358,373,189,89,301,354,393.0,135.0,61
8.3,80.4,280,186,59,496,224,368,369,176,107,317,347,364.0,138.0,60
8.3,80.5,300,181,52,482,218,324,352,173,95,306,361,371.0,133.0,59
8.3,80.6,279,172,54,458,263,356,514,181,124,311,348,428.0,129.0,58
8.3,80.7,280,209,55,423,297,355,475,200,149,310,378,403.0,128.0,59
8.3,80.8,294,217,57,402,304,391,517,209,165,311,378,515.0,130.0,59
8.3,80.9,326,202,65,344,330,372,628,198,188,308,387,821.0,111.0,57
8.3,81.0,336,199,53,334,330,372,508,200,114,306,386,653.0,130.0,59
8.3,81.1,356,260,58,339,305,361,466,204,89,303,391,555.0,130.0,62
8.3,81.2,283,274,64,363,354,398,693,205,93,316,371,950.0,115.0,58
8.3,81.3,308,250,58,365,326,395,615,185,104,312,360,569.0,126.0,62
8.3,93.1,282,160,54,487,231,402,495,151,54,320,364,568.0,120.0,52
8.4,77.0,332,230,58,388,280,366,440,202,141,318,395,475.0,135.0,57
8.4,77.1,316,268,61,350,334,384,488,184,91,319,375,478.0,136.0,56
8.4,77.2,336,192,55,387,277,348,384,195,104,284,375,424.0,130.0,55
8.4,77.3,355,221,51,350,295,364,439,193,146,287,360,409.0,124.0,57
8.4,77.4,356,223,63,345,299,394,466,182,153,293,369,487.0,132.0,60
8.4,77.5,315,186,80,343,342,474,483,206,122,297,386,683.0,112.0,56
8.4,77.6,340,248,49,378,282,303,272,178,106,290,342,492.0,137.0,66
8.4,77.7,366,266,41,379,256,283,234,163,107,291,343,454.0,144.0,69
8.4,77.8,334,280,41,383,284,294,265,174,65,283,338,513.0,146.0,71
8.4,77.9,293,265,42,402,306,292,231,166,114,289,342,633.0,135.0,70
8.4,78.0,324,244,48,348,328,286,204,168,92,302,356,377.0,146.0,69
8.4,79.9,289,209,64,416,295,342,474,188,111,308,334,573.0,126.0,60
8.4,80.0,302,180,52,466,232,370,442,190,115,316,340,513.0,125.0,58
8.4,80.1,261,178,59,497,241,361,457,193,97,309,343,523.0,126.0,58
8.4,80.2,262,217,55,504,234,337,307,171,77,307,348,353.0,135.0,60
8.4,80.3,289,195,52,478,233,356,351,167,96,305,355,417.0,135.0,58
8.4,80.4,245,244,64,477,279,358,360,183,97,291,348,446.0,134.0,59
8.4,80.5,294,165,60,480,226,347,399,185,88,312,344,484.0,130.0,59
8.4,80.6,297,184,50,443,259,361,460,177,119,318,353,444.0,130.0,57
8.4,81.3,277,268,52,351,372,421,642,184,93,327,376,669.0,123.0,63
8.5,77.1,328,214,62,385,287,386,421,214,159,290,373,489.0,127.0,55
8.5,77.2,322,205,56,363,315,402,441,200,104,280,383,389.0,126.0,57
8.5,77.3,339,211,63,377,283,375,441,199,133,289,370,440.0,123.0,58
8.5,77.4,352,187,70,353,295,502,553,188,74,344,421,872.0,106.0,53
8.5,77.5,312,201,67,450,239,393,442,177,108,300,375,542.0,126.0,57
8.5,77.6,372,250,46,371,257,295,278,163,91,286,352,374.0,141.0,67
8.5,77.7,373,279,42,381,246,298,275,173,75,284,339,308.0,147.0,69
8.5,77.8,300,257,37,414,286,317,231,172,106,295,336,532.0,143.0,72
8.5,77.9,335,253,37,426,238,276,246,163,101,290,342,494.0,151.0,73
8.5,78.0,268,234,36,413,319,284,189,162,71,291,327,759.0,137.0,71
8.5,78.1,318,201,47,364,317,305,224,182,69,313,357,449.0,145.0,68
8.5,79.9,292,251,62,429,279,340,483,183,122,310,332,711.0,122.0,59
8.5,80.0,283,204,55,442,276,317,439,199,125,314,355,491.0,126.0,59
8.5,80.1,282,169,54,475,242,343,451,171,125,300,342,502.0,124.0,58
8.5,80.2,287,163,54,471,242,359,324,178,80,301,353,390.0,133.0,58
8.5,80.3,265,178,52,489,246,354,428,184,100,310,346,493.0,131.0,58
8.5,80.4,299,195,58,464,237,346,344,181,101,299,345,428.0,133.0,59
8.5,80.5,284,192,51,489,227,362,395,184,108,322,346,412.0,131.0,58
8.5,80.6,274,170,53,454,272,356,503,184,123,304,349,470.0,128.0,58
8.5,80.7,280,188,66,447,273,379,650,189,138,310,356,547.0,117.0,57
8.5,80.8,276,201,57,411,312,378,586,199,123,309,364,537.0,128.0,59
8.5,80.9,298,216,60,327,375,374,603,204,197,323,399,665.0,115.0,57
8.5,81.0,318,255,61,299,382,385,596,200,133,308,394,694.0,115.0,59
8.5,81.1,378,246,50,289,333,372,513,208,122,306,381,529.0,131.0,61
8.5,81.3,239,300,57,387,373,389,663,179,107,318,379,825.0,120.0,61
8.6,76.9,320,227,59,357,323,377,371,203,161,303,392,407.0,132.0,54
8.6,77.1,344,244,61,370,287,399,416,203,141,309,383,419.0,124.0,55
8.6,77.2,329,210,64,402,269,400,479,186,100,291,383,465.0,123.0,56
8.6,77.3,340,188,70,375,285,521,429,207,88,280,409,661.0,101.0,53
8.6,77.4,334,207,70,392,274,459,491,179,119,290,359,779.0,108.0,54
8.6,77.5,316,184,60,440,244,391,395,177,138,262,365,434.0,120.0,57
8.6,77.6,349,229,42,383,268,287,253,173,90,290,348,306.0,144.0,66
8.6,77.7,332,273,44,379,290,262,268,170,90,306,358,330.0,147.0,69
8.6,77.8,298,247,35,434,268,287,209,163,83,294,339,602.0,137.0,72
8.6,77.9,353,267,43,342,305,293,215,182,56,291,358,357.0,146.0,68
8.6,78.0,341,239,44,344,315,308,225,179,61,312,375,454.0,143.0,69
8.6,80.0,316,193,66,418,265,339,470,204,128,293,352,543.0,124.0,58
8.6,80.1,285,196,56,465,250,360,485,175,137,311,353,552.0,126.0,57
8.6,80.2,259,192,67,485,256,399,499,181,134,321,355,671.0,123.0,58
8.6,80.3,277,194,66,468,255,372,490,174,113,305,356,558.0,127.0,56
8.6,80.4,297,178,50,459,245,372,425,174,111,316,352,475.0,129.0,57
8.6,80.5,270,210,64,466,264,362,612,174,161,305,350,609.0,122.0,57
8.6,80.6,278,176,59,442,280,384,536,178,159,310,354,548.0,126.0,59
8.6,80.7,284,195,60,430,287,388,641,184,143,312,356,680.0,119.0,58
8.6,80.8,292,225,61,317,391,384,593,208,183,334,386,761.0,116.0,58
8.6,80.9,308,207,64,340,353,354,619,198,146,306,376,682.0,117.0,57
8.6,81.0,343,218,57,313,344,367,562,210,111,301,384,657.0,117.0,59
8.6,81.1,346,248,61,276,377,393,586,204,154,303,381,791.0,117.0,59
8.6,81.2,332,297,55,313,356,374,634,200,105,311,389,743.0,130.0,62
8.7,76.8,355,218,61,378,267,431,341,188,111,330,390,469.0,126.0,53
8.7,76.9,321,232,58,382,297,360,412,199,133,312,401,327.0,123.0,53
8.7,77.0,335,203,58,368,297,380,385,199,128,334,402,329.0,122.0,53
8.7,77.1,331,204,61,391,279,393,431,206,107,313,385,414.0,123.0,56
8.7,77.2,313,238,81,355,332,504,537,210,93,340,425,777.0,100.0,52
8.7,77.3,313,161,58,399,288,408,441,177,116,290,376,411.0,125.0,56
8.7,77.4,315,179,48,408,277,339,275,172,82,277,373,316.0,139.0,59
8.7,77.5,375,228,41,358,267,275,232,147,103,269,352,493.0,142.0,66
8.7,77.6,364,229,41,376,259,285,219,165,103,293,374,360.0,143.0,65
8.7,77.8,338,253,32,417,245,258,198,169,77,292,342,416.0,147.92,72
8.7,77.9,329,265,37,399,273,258,173,162,110,279,362,268.0,147.0,70
8.7,78.0,324,219,35,402,274,253,219,169,81,285,355,425.0,152.0,75
8.7,80.0,341,205,59,415,244,329,446,201,137,294,361,536.0,125.0,58
8.7,80.1,322,208,71,404,274,379,521,187,130,296,359,617.0,121.0,57
8.7,80.2,311,196,59,432,258,378,467,196,125,306,372,599.0,122.0,59
8.7,80.3,308,194,56,455,237,365,392,189,109,301,359,522.0,130.0,59
8.7,80.4,309,225,58,449,242,352,368,173,139,305,355,460.0,132.0,60
8.7,80.5,280,196,54,454,266,354,462,178,129,310,348,462.0,130.0,58
8.7,80.6,259,202,58,457,283,388,621,182,149,321,358,676.0,124.0,58
8.7,80.7,324,198,61,348,328,392,600,205,170,317,376,656.0,114.0,57
8.7,80.8,322,223,57,314,364,354,600,216,121,320,386,604.0,120.0,57
8.7,80.9,302,213,58,383,315,388,568,205,105,301,375,675.0,128.0,58
8.7,81.0,351,220,52,298,352,374,563,211,188,305,386,594.0,121.0,59
8.7,81.1,281,270,66,358,361,401,661,190,93,301,367,707.0,119.0,60
8.8,76.7,314,194,63,371,315,383,334,188,120,322,408,318.0,124.0,52
8.8,76.8,338,178,57,397,265,361,332,173,164,338,399,295.0,116.0,54
8.8,76.9,332,211,65,347,321,378,411,201,128,329,397,372.0,119.0,53
8.8,77.0,345,208,62,357,298,394,508,195,140,329,404,407.0,123.0,54
8.8,77.1,335,196,69,377,288,442,477,216,119,334,413,525.0,114.0,53
8.8,77.2,338,235,70,353,308,511,438,212,96,305,412,595.0,106.0,52
8.8,77.3,305,191,56,394,301,413,425,175,139,272,372,442.0,128.0,58
8.8,77.4,312,231,42,406,282,303,262,166,72,283,360,294.0,146.0,62
8.8,77.5,336,251,35,399,264,254,224,162,78,288,343,284.0,142.0,67
8.8,77.6,321,258,38,405,273,292,238,168,79,292,335,426.0,136.0,68
8.8,77.7,312,259,35,389,299,250,204,164,87,293,346,276.0,147.0,70
8.8,77.8,327,243,37,410,262,258,174,175,71,267,343,322.0,149.0,72
8.8,77.9,324,303,42,429,246,276,195,181,87,283,338,246.0,150.0,74
8.8,78.0,314,242,35,404,282,261,212,164,67,276,348,461.0,155.0,77
8.8,78.1,314,205,38,387,299,252,175,187,86,296,354,463.0,143.0,70
8.8,80.0,327,264,52,402,271,295,288,178,111,318,357,476.0,133.0,61
8.8,80.1,281,221,51,423,295,341,304,174,108,312,354,419.0,131.0,59
8.8,80.2,314,237,62,424,263,376,480,194,181,308,363,653.0,125.0,58
8.8,80.3,282,198,54,452,266,363,489,175,172,311,353,618.0,124.0,57
8.8,80.4,249,184,52,489,262,343,484,156,142,310,346,400.0,131.0,58
8.8,80.5,255,170,58,495,249,359,498,162,117,319,350,549.0,126.0,57
8.8,80.6,258,200,54,458,284,369,570,166,153,312,360,500.0,128.0,59
8.8,80.7,314,224,63,332,354,384,559,203,182,319,385,670.0,118.0,58
8.8,80.8,273,240,62,372,355,350,577,208,104,305,377,536.0,126.0,60
8.8,80.9,268,228,65,402,330,379,622,203,121,284,376,572.0,119.0,58
8.8,81.0,292,261,63,369,339,386,642,193,101,307,375,724.0,117.0,60
8.8,81.1,240,297,57,348,412,435,670,181,98,314,385,596.0,93.0,63
8.9,76.7,322,198,62,335,343,337,343,182,136,324,402,321.0,124.0,53
8.9,76.8,344,180,56,366,290,351,358,174,121,336,400,363.0,112.0,52
8.9,76.9,317,186,63,351,332,395,406,189,118,332,398,330.0,117.0,53
8.9,77.0,340,183,65,381,278,465,457,202,98,320,389,466.0,111.0,52
8.9,77.1,335,202,51,360,305,409,440,197,129,338,406,359.0,118.0,54
8.9,77.2,339,210,68,370,291,490,520,197,102,310,384,590.0,114.0,55
8.9,77.3,313,156,55,432,255,393,420,169,117,268,371,416.0,123.0,57
8.9,77.4,285,208,42,452,263,306,271,157,51,267,348,290.0,140.0,62
8.9,77.5,336,233,36,420,244,279,220,170,59,266,335,318.0,144.0,66
8.9,77.6,336,233,39,402,262,278,216,172,94,269,325,275.0,144.0,67
8.9,77.7,333,249,31,397,270,267,204,172,67,285,337,299.0,146.0,70
8.9,77.8,300,264,38,436,264,267,190,162,78,283,343,392.0,145.0,72
8.9,77.9,290,281,44,460,251,304,204,169,100,302,348,400.0,146.0,74
8.9,78.0,313,242,40,448,239,303,214,163,72,285,346,590.0,146.64,75
8.9,78.1,293,241,30,406,301,285,213,175,64,291,369,707.0,148.0,72
8.9,80.0,276,274,50,441,283,311,315,165,91,318,356,521.0,130.0,62
8.9,80.1,324,211,68,390,286,386,511,193,136,303,363,608.0,121.0,58
8.9,80.2,355,219,53,351,294,353,406,210,168,317,354,535.0,126.0,58
8.9,80.3,309,214,52,429,262,361,418,185,148,301,361,439.0,130.0,57
8.9,80.4,292,198,59,418,290,370,510,184,141,316,361,552.0,121.0,57
8.9,80.5,269,195,60,459,271,398,476,175,130,304,358,562.0,124.0,57
8.9,80.6,282,197,62,435,283,368,599,189,129,322,357,512.0,118.0,57
8.9,80.7,297,222,66,415,288,392,686,199,97,304,369,717.0,118.0,59
8.9,80.8,290,214,57,353,357,373,633,205,106,312,374,599.0,122.0,59
8.9,80.9,303,249,63,358,339,394,605,200,130,308,379,706.0,121.0,59
8.9,81.0,254,296,58,351,395,394,731,183,78,315,384,623.0,106.0,59
9.0,76.6,349,225,59,311,340,419,397,194,97,317,390,422.0,113.0,54
9.0,76.7,322,137,53,369,308,350,314,170,143,333,395,334.0,116.0,53
9.0,76.8,288,166,56,381,331,352,301,168,121,334,391,311.0,117.0,53
9.0,76.9,346,199,65,342,312,432,467,206,164,332,397,396.0,114.0,53
9.0,77.0,355,219,64,351,293,397,452,193,133,324,397,353.0,118.0,53
9.0,77.1,332,219,62,376,292,444,401,203,97,320,382,441.0,116.0,52
9.0,77.5,299,229,36,431,270,286,226,170,43,272,320,303.0,140.0,65
9.0,77.6,324,230,38,425,252,284,219,163,106,283,326,453.0,137.0,67
9.0,77.7,305,269,36,422,273,283,227,175,85,293,346,426.0,136.0,69
9.0,77.8,353,244,37,408,238,274,209,173,87,294,356,459.0,144.0,71
9.0,77.9,314,284,37,433,253,303,203,180,92,304,352,701.0,148.0,74
9.0,78.0,321,229,21,460,218,252,189,162,60,263,324,471.0,161.0,80
9.0,78.1,316,240,36,393,291,297,228,159,73,285,352,535.0,151.0,72
9.0,78.2,304,207,39,376,320,294,234,181,73,297,366,604.0,142.0,70
9.0,80.1,315,246,62,404,281,342,511,186,123,309,358,921.0,121.0,60
9.0,80.2,330,216,61,386,284,392,576,193,117,302,371,709.0,121.0,58
9.0,80.3,343,207,58,386,270,383,480,203,102,303,362,586.0,119.0,58
9.0,80.4,301,211,58,393,306,397,531,183,130,318,363,709.0,118.0,57
9.0,80.5,254,250,59,433,314,356,548,176,136,328,365,608.0,120.0,57
9.0,80.6,278,221,69,408,315,369,617,187,130,314,360,598.0,119.0,57
9.0,80.7,305,241,66,381,314,365,693,200,95,304,373,630.0,120.0,59
9.0,80.8,330,229,63,357,313,385,557,192,115,303,371,576.0,121.0,59
9.0,80.9,248,287,58,398,354,417,619,178,96,307,389,614.0,98.0,62
9.1,76.5,346,213,62,355,299,389,433,195,100,330,392,622.0,112.0,56
9.1,76.6,322,177,60,326,352,385,333,179,67,332,393,387.0,113.0,53
9.1,76.7,299,157,54,380,320,358,291,167,138,338,397,313.0,118.0,53
9.1,76.8,341,179,59,364,294,386,346,182,127,336,393,361.0,117.0,53
9.1,76.9,350,166,66,335,315,411,402,206,154,340,403,424.0,112.0,53
9.1,77.0,317,200,65,374,309,426,449,206,104,327,388,481.0,109.0,52
9.1,77.1,319,224,62,398,283,399,472,202,135,316,393,432.0,121.0,56
9.1,77.2,373,234,78,315,312,529,590,211,106,305,413,762.0,105.0,53
9.1,77.3,317,217,57,423,261,398,354,168,119,275,371,443.0,129.0,60
9.1,77.4,265,247,42,433,302,338,275,164,98,271,355,568.0,135.0,63
9.1,77.5,332,237,40,405,264,329,266,176,52,279,352,288.0,137.0,66
9.1,77.6,348,262,36,381,271,291,248,175,67,277,343,539.0,138.0,68
9.1,77.7,333,268,40,402,266,280,233,176,84,283,345,432.0,133.0,71
9.1,77.8,347,275,45,414,239,298,268,183,107,302,343,308.0,140.0,71
9.1,77.9,344,260,44,423,233,294,252,171,98,284,345,379.0,145.0,75
9.1,78.0,328,290,47,430,242,286,261,172,110,286,328,489.0,147.0,77
9.1,78.1,353,286,47,397,250,280,226,181,63,264,353,566.0,147.0,78
9.1,78.2,336,267,46,372,292,305,240,170,54,291,363,573.0,141.0,69
9.1,78.3,341,300,40,383,276,288,247,176,78,311,353,716.0,139.2,73
9.1,80.1,294,280,52,404,302,332,365,171,83,325,357,581.0,126.0,62
9.1,80.2,329,211,61,389,282,426,543,190,108,294,364,675.0,122.0,59
9.1,80.3,322,213,58,408,270,385,382,193,114,296,362,518.0,130.0,58
9.1,80.4,302,214,55,382,316,369,524,189,114,305,368,630.0,118.0,58
9.1,80.5,259,246,56,425,315,399,553,180,92,313,365,676.0,120.0,58
9.1,80.6,284,221,62,409,306,397,585,191,104,311,367,566.0,120.0,58
9.1,80.7,295,223,63,406,299,398,649,197,153,288,370,729.0,121.0,59
9.1,80.8,269,250,72,395,336,404,628,195,124,298,369,616.0,119.0,60
9.2,76.5,309,164,59,353,337,427,399,181,81,332,388,427.0,124.0,56
9.2,76.6,302,168,50,364,334,374,287,182,117,327,401,289.0,123.0,53
9.2,76.7,324,185,52,383,293,387,289,180,157,330,395,299.0,118.0,54
9.2,76.8,324,160,59,353,323,400,358,187,142,341,403,360.0,109.0,53
9.2,76.9,312,170,60,386,303,398,342,174,141,321,394,371.0,110.0,52
9.2,77.0,313,181,60,389,298,415,408,195,85,318,384,447.0,108.0,52
9.2,77.1,335,214,72,360,304,466,417,204,90,333,389,483.0,111.0,53
9.2,77.2,321,211,86,331,348,569,543,217,76,322,446,867.0,93.0,52
9.2,77.3,341,183,63,374,285,453,443,176,104,303,382,502.0,121.0,57
9.2,77.4,288,225,45,432,280,320,312,165,61,285,360,364.0,138.0,63
9.2,77.5,313,251,41,433,254,357,320,177,145,284,352,590.0,130.0,66
9.2,77.6,337,268,38,396,266,301,242,173,85,284,341,304.0,138.0,69
9.2,77.7,350,273,47,369,282,323,287,180,118,297,345,432.0,139.0,71
9.2,77.8,356,268,39,391,253,302,297,173,94,283,330,357.0,141.0,71
9.2,77.9,347,283,40,408,245,296,275,171,96,277,347,503.0,131.0,75
9.2,78.0,341,295,40,399,260,319,299,185,105,287,345,617.0,145.0,76
9.2,78.1,363,274,41,382,256,289,248,171,64,280,361,504.0,139.0,72
9.2,78.2,325,312,43,387,288,294,255,184,80,300,354,598.0,143.0,77
9.2,78.3,365,308,48,368,267,313,252,183,81,302,349,687.0,132.0,73
9.2,78.4,369,298,42,325,306,318,259,182,90,296,359,596.0,136.38,71
9.2,78.5,347,286,39,330,323,303,261,192,59,288,383,506.0,138.85,70
9.2,78.6,352,273,47,331,317,310,228,185,51,298,383,538.19,143.29,73
9.2,78.7,348,262,38,301,351,299,258,183,59,313,362,488.0,137.0,70
9.2,80.2,305,247,61,402,292,419,560,187,143,293,363,757.0,125.0,59
9.2,80.3,315,221,54,406,279,369,356,167,121,305,365,543.0,130.0,59
9.2,80.4,274,225,61,401,325,404,532,178,103,308,362,627.0,120.0,58
9.2,80.5,283,197,61,381,336,408,584,197,111,303,364,616.0,117.0,58
9.2,80.7,278,219,56,428,294,357,534,190,117,300,371,503.0,127.0,61
9.2,80.8,290,252,55,374,336,372,577,197,92,302,388,672.0,130.0,62
9.2,92.8,282,133,50,448,269,372,475,145,113,304,368,459.0,116.0,52
9.3,76.4,337,208,58,305,358,390,372,202,85,342,431,790.0,109.0,53
9.3,76.5,307,213,68,333,361,432,416,195,76,330,389,582.0,112.0,54
9.3,76.6,302,205,66,369,329,423,341,172,64,327,396,410.0,117.0,54
9.3,76.7,330,191,55,348,322,404,318,175,125,330,392,336.0,116.0,53
9.3,76.8,277,142,57,380,343,361,312,174,154,342,400,338.0,111.0,53
9.3,76.9,363,173,55,339,299,376,388,195,128,329,404,388.0,113.0,52
9.3,77.0,302,184,56,398,299,387,423,173,97,325,387,482.0,110.0,52
9.3,77.1,330,243,70,388,281,466,455,196,92,332,382,502.0,114.0,53
9.3,77.2,390,178,74,346,264,489,503,211,68,309,404,563.0,104.0,53
9.3,77.3,366,205,82,317,317,512,533,195,106,340,409,679.0,114.0,56
9.3,77.4,280,258,55,408,312,350,361,166,67,294,366,407.0,133.0,62
9.3,77.5,317,291,46,419,264,342,324,152,87,250,354,286.0,142.0,67
9.3,77.6,371,277,45,388,241,326,318,179,96,290,339,635.0,133.0,71
9.3,77.7,324,277,39,391,285,327,317,165,108,279,338,286.0,142.0,71
9.3,77.8,340,287,43,383,276,302,304,169,109,272,339,332.0,140.0,73
9.3,77.9,365,283,47,386,249,308,283,178,80,289,340,433.0,138.0,75
9.3,78.0,382,297,42,372,246,309,311,178,66,292,337,331.0,144.0,75
9.3,78.1,340,277,39,372,288,284,249,176,72,283,365,509.0,136.0,77
9.3,78.2,340,297,43,369,291,310,245,177,70,283,348,735.0,134.0,78
9.3,78.3,331,288,47,368,301,320,281,183,80,293,357,773.0,134.51,75
9.3,78.4,362,320,41,337,301,324,237,176,61,282,343,502.0,138.0,72
9.3,78.5,320,295,40,332,348,310,256,173,58,282,350,555.0,138.18,71
9.3,78.6,346,276,37,346,308,286,261,189,52,293,366,399.0,142.16,74
9.3,78.7,339,311,37,347,313,304,286,195,61,298,350,583.0,137.0,73
9.3,78.8,336,362,43,335,329,351,278,199,97,324,360,487.0,138.0,76
9.3,78.9,379,279,49,318,303,303,323,202,52,328,372,440.0,140.0,68
9.3,79.0,368,285,39,331,300,329,320,196,66,328,356,521.78,138.98,70
9.3,79.3,280,268,62,369,351,373,380,209,114,314,364,532.0,126.0,65
9.3,80.2,283,253,58,397,320,384,480,175,88,299,374,555.0,126.0,58
9.3,80.3,314,214,53,383,303,357,463,183,122,299,364,544.0,129.0,59
9.3,80.4,318,235,54,405,277,359,411,176,111,294,359,421.0,132.0,61
9.3,80.5,296,196,61,392,312,396,611,190,120,289,373,676.0,116.0,58
9.3,80.6,283,217,61,372,345,425,607,184,138,298,370,714.0,118.0,60
9.3,80.7,380,231,54,313,306,361,577,204,123,310,391,687.0,123.0,59
9.4,76.5,303,214,74,307,390,449,372,190,72,339,392,541.0,109.0,55
9.4,76.6,315,172,56,327,359,448,320,167,104,336,396,492.0,114.0,54
9.4,76.7,272,160,56,400,329,370,290,161,145,325,402,316.0,115.0,54
9.4,76.8,313,157,53,384,303,351,316,159,169,339,397,312.0,115.0,53
9.4,76.9,300,146,57,379,321,409,374,181,126,321,392,456.0,109.0,52
9.4,77.0,311,176,61,388,301,439,433,181,105,339,398,549.0,108.0,52
9.4,77.1,326,203,64,381,293,451,486,191,99,331,404,576.0,113.0,52
9.4,77.2,362,174,70,346,292,461,508,206,55,318,396,468.0,109.0,53
9.4,77.3,334,235,79,347,320,466,599,204,92,301,383,498.0,107.0,55
9.4,77.4,291,242,55,418,291,372,362,152,79,278,352,363.0,131.0,63
9.4,77.5,313,266,41,410,276,315,298,153,62,293,353,340.0,142.0,68
9.4,77.6,371,269,44,386,244,320,288,172,94,288,345,328.0,145.0,70
9.4,77.7,343,282,39,403,254,300,284,169,105,287,328,309.0,147.0,70
9.4,77.8,343,291,42,382,275,298,298,178,83,281,341,361.0,143.0,73
9.4,77.9,347,302,38,398,255,283,309,175,90,272,333,312.0,142.0,74
9.4,78.0,382,299,41,371,248,319,300,181,100,280,343,339.0,139.0,75
9.4,78.1,396,328,39,342,262,307,316,187,64,287,353,390.0,143.0,75
9.4,78.2,359,298,46,367,274,313,311,180,93,297,354,746.0,131.0,76
9.4,78.3,359,298,39,334,306,300,233,179,76,282,353,683.0,137.82,76
9.4,78.4,343,297,41,354,303,289,250,182,55,285,376,505.0,138.0,74
9.4,78.5,367,292,41,336,297,296,238,175,62,282,382,454.0,143.0,75
9.4,78.6,337,294,36,346,317,296,279,182,70,284,357,494.0,140.0,74
9.4,78.7,340,318,38,308,352,307,277,200,73,295,356,698.0,137.0,73
9.4,78.8,364,286,44,317,319,313,318,187,63,305,366,578.0,132.0,70
9.4,78.9,345,307,45,314,342,347,297,192,51,302,338,707.0,130.0,71
9.4,80.1,272,248,63,385,342,402,580,184,97,301,388,982.0,118.0,59
9.4,80.2,255,244,65,419,326,381,562,183,105,314,383,1081.0,121.0,58
9.4,80.3,264,239,60,381,355,400,421,163,118,308,382,682.0,130.0,61
9.4,80.4,296,226,50,384,320,363,462,196,106,303,364,584.0,134.0,62
9.4,80.5,293,245,56,377,329,350,486,173,117,308,383,621.0,135.0,61
9.4,80.6,302,278,65,385,314,391,652,187,107,313,390,1074.0,116.0,59
9.5,76.5,309,178,61,316,375,463,426,191,91,358,409,497.0,115.0,53
9.5,76.6,303,167,52,342,355,361,313,153,141,330,411,289.0,119.0,53
9.5,76.7,305,141,56,380,315,343,285,152,156,319,394,337.0,118.0,53
9.5,76.8,315,162,55,374,311,371,328,179,196,337,401,348.0,110.0,53
9.5,76.9,294,144,59,380,326,346,332,178,165,321,397,308.0,113.0,52
9.5,77.0,304,158,54,367,329,417,406,178,101,315,385,457.0,108.0,52
9.5,77.1,296,186,69,356,348,466,432,201,78,342,412,514.0,112.0,54
9.5,77.2,345,163,70,346,310,506,565,200,106,320,406,629.0,103.0,53
9.5,77.3,308,177,76,360,332,422,488,189,74,319,389,564.0,111.0,57
9.5,77.4,346,174,75,325,329,534,502,204,73,307,403,761.0,102.0,54
9.5,77.5,314,226,55,429,257,345,376,173,71,266,353,397.0,131.0,65
9.5,77.6,326,250,45,460,214,335,344,167,103,275,362,338.0,140.0,66
9.5,77.7,375,276,36,385,240,299,283,163,100,273,333,292.0,147.0,71
9.5,77.8,358,280,35,391,251,298,283,168,72,288,358,313.0,152.0,71
9.5,77.9,352,304,35,379,268,291,286,163,77,279,330,281.0,150.0,75
9.5,78.0,352,302,43,367,281,291,294,183,96,277,342,326.0,143.0,76
9.5,78.1,398,453,42,345,257,300,325,213,82,306,389,285.0,150.0,79
9.5,78.2,369,345,38,359,271,284,267,181,80,293,354,370.0,140.0,76
9.5,78.3,375,287,49,385,240,301,264,171,85,281,362,422.0,140.0,72
9.5,78.4,371,323,37,361,268,301,259,186,73,304,363,301.0,145.0,76
9.5,78.5,367,271,36,372,261,304,233,177,74,292,371,324.0,144.0,72
9.5,78.6,335,284,37,351,315,297,278,184,61,274,364,427.0,142.0,72
9.5,78.7,341,316,37,340,319,305,273,179,82,299,369,480.0,138.0,73
9.5,78.8,321,316,38,328,351,292,270,197,68,309,346,594.0,134.0,73
9.5,78.9,363,338,43,310,327,340,282,186,56,325,364,374.0,137.0,75
9.5,79.7,326,297,51,355,319,364,391,190,82,321,384,612.0,122.92,65
9.5,80.2,240,265,53,387,373,383,414,179,92,318,382,678.0,121.0,64
9.6,76.5,321,184,55,310,369,377,320,174,65,336,404,477.0,120.0,54
9.6,76.6,342,172,52,380,278,369,287,166,125,319,390,380.0,120.0,54
9.6,76.7,299,151,60,385,316,354,369,171,122,325,398,405.0,113.0,53
9.6,76.8,312,159,56,346,342,352,345,172,159,338,403,391.0,109.0,53
9.6,76.9,308,153,58,367,325,388,377,173,136,328,400,419.0,108.0,52
9.6,77.0,310,161,69,358,332,437,444,190,84,331,398,442.0,104.0,53
9.6,77.1,324,172,60,379,297,421,457,176,84,306,393,461.0,110.0,53
9.6,77.2,348,170,69,355,297,451,441,192,76,299,404,465.0,106.0,54
9.6,77.3,349,208,77,340,311,507,581,205,102,340,423,768.0,96.0,52
9.6,77.4,345,232,64,384,271,404,467,164,105,304,353,577.0,119.0,60
9.6,77.5,311,211,79,414,276,433,464,186,136,316,387,624.0,119.0,60
9.6,77.6,297,217,57,422,280,360,387,161,134,297,361,399.0,127.0,64
9.6,77.7,336,253,41,435,230,323,283,161,96,266,351,338.0,146.0,70
9.6,77.8,332,263,41,441,227,306,273,165,96,279,355,316.0,150.0,72
9.6,77.9,337,313,42,383,280,294,279,167,104,273,341,356.0,146.0,75
9.6,78.0,364,303,43,353,283,328,323,168,99,285,332,298.0,148.0,75
9.6,78.1,374,329,36,369,258,311,315,185,81,302,372,302.0,149.0,75
9.6,78.2,355,373,44,364,281,286,286,180,77,304,364,294.0,148.0,77
9.6,78.3,346,332,38,368,286,296,266,179,65,298,355,291.0,150.0,76
9.6,78.4,352,317,37,368,280,307,261,179,65,285,359,275.0,148.0,77
9.6,78.5,347,265,36,377,275,292,249,170,56,289,349,419.0,140.0,74
9.6,78.6,333,248,36,393,273,302,259,173,75,287,352,329.0,143.0,72
9.6,78.7,360,306,38,339,301,304,271,181,62,297,356,474.0,139.0,74
9.6,78.8,347,268,36,320,333,310,298,190,54,302,344,471.0,137.0,73
9.6,78.9,345,302,39,318,337,338,286,196,49,306,360,596.0,130.0,73
9.6,80.3,264,260,56,422,315,353,483,180,98,311,386,611.0,104.0,63
9.7,76.3,301,188,59,367,332,400,401,179,67,325,389,413.0,110.0,57
9.7,76.5,322,213,56,331,348,413,347,184,77,343,385,429.0,115.0,53
9.7,76.6,288,178,52,383,329,371,366,167,123,336,396,324.0,119.0,54
9.7,76.7,302,155,56,408,290,346,381,155,131,326,401,396.0,115.0,53
9.7,76.8,273,150,53,372,355,350,343,161,175,326,406,317.0,113.0,53
9.7,76.9,290,149,74,373,336,468,392,184,84,333,407,521.0,106.0,53
9.7,77.0,300,163,76,367,333,452,463,183,95,325,402,442.0,105.0,54
9.7,77.1,326,169,68,359,315,478,595,202,109,328,427,716.0,97.0,52
9.7,77.2,335,151,60,346,319,389,403,200,95,316,398,386.0,117.0,54
9.7,77.3,314,220,47,417,269,348,365,155,80,290,386,412.0,141.0,60
9.7,77.4,375,175,75,325,300,513,618,200,109,330,383,674.0,97.0,55
9.7,77.5,326,238,51,430,244,378,327,160,94,268,360,396.0,130.0,65
9.7,77.6,317,226,60,401,282,372,435,169,127,316,370,410.0,129.0,65
9.7,77.9,335,267,35,439,226,303,295,158,96,269,352,294.0,151.0,72
9.7,78.0,338,277,42,402,260,293,306,154,94,286,332,283.0,151.0,75
9.7,78.1,350,322,38,411,239,307,285,149,99,288,345,263.0,150.0,76
9.7,78.2,356,280,38,375,269,290,256,162,77,286,366,283.0,150.0,75
9.7,78.3,370,262,37,365,264,305,261,166,75,275,346,288.0,146.0,71
9.7,78.4,339,264,40,374,287,310,275,170,66,263,334,292.0,145.0,69
9.7,78.5,342,304,39,359,299,309,242,188,88,307,342,334.0,144.0,74
9.7,78.6,337,333,42,390,274,318,272,174,76,285,351,340.0,148.0,77
9.7,78.7,322,283,37,359,319,334,292,178,67,288,343,593.0,137.0,75
9.7,78.8,362,296,39,344,294,316,292,181,41,290,351,353.0,147.0,73
9.7,78.9,342,315,46,351,307,335,280,188,80,305,363,558.0,138.0,75
9.7,80.2,260,215,55,412,329,379,517,184,92,306,377,577.0,98.0,62
9.7,80.3,278,271,59,383,340,420,475,173,108,325,379,715.0,90.0,63
9.8,76.3,303,241,73,302,395,437,428,201,121,314,378,566.0,107.0,54
9.8,76.4,318,236,55,364,319,382,421,182,73,325,382,459.0,117.0,55
9.8,76.5,310,165,57,376,314,375,299,170,151,321,394,443.0,120.0,53
9.8,76.6,347,156,57,372,280,368,386,169,148,319,394,486.0,115.0,53
9.8,76.7,304,151,57,403,293,373,375,159,204,325,400,334.0,112.0,53
9.8,76.8,326,161,63,374,300,472,434,190,83,329,418,595.0,112.0,53
9.8,77.0,302,183,74,369,329,460,461,181,79,340,406,468.0,108.0,53
9.8,77.1,355,178,61,350,295,396,389,181,124,319,384,410.0,116.0,54
9.8,77.2,328,170,59,372,300,432,428,193,117,300,409,409.0,116.0,53
9.8,77.3,304,258,41,409,286,341,318,151,86,268,356,550.0,134.0,64
9.8,77.4,317,255,40,419,264,305,280,147,88,295,354,280.0,138.0,66
9.8,77.5,315,246,48,413,272,360,331,176,129,288,356,357.0,129.0,65
9.8,77.6,325,267,47,422,252,347,323,167,109,282,359,353.0,131.0,65
9.8,77.7,336,269,46,412,251,336,298,170,123,273,357,412.0,133.0,63
9.8,77.8,302,277,41,445,253,293,274,160,107,301,331,329.0,147.0,72
9.8,77.9,291,277,37,486,223,296,256,148,127,263,337,388.0,143.0,75
9.8,78.0,332,320,39,446,222,306,241,134,98,292,345,290.0,152.0,73
9.8,78.1,338,283,36,455,207,275,282,156,86,263,344,295.0,150.0,73
9.8,78.2,361,294,41,380,259,308,249,172,76,277,355,303.0,148.0,71
9.8,78.3,363,235,43,356,281,315,303,173,81,300,347,314.0,141.0,68
9.8,78.4,311,249,48,360,329,333,265,175,79,283,340,323.0,143.0,68
9.8,78.5,325,292,39,360,315,305,218,171,81,279,322,328.0,147.0,73
9.8,78.6,331,296,43,359,310,333,263,182,77,309,331,347.0,144.0,75
9.8,78.7,343,293,41,389,268,315,233,178,72,280,328,332.0,145.0,75
9.8,78.8,356,320,41,375,269,330,251,176,72,305,355,335.0,146.0,78
9.8,78.9,336,295,40,373,291,320,280,175,60,288,355,507.0,133.0,74
9.8,80.0,291,265,61,388,320,388,487,203,88,314,390,648.0,136.0,63
9.8,80.1,296,249,59,375,329,385,522,190,95,315,396,652.0,132.0,62
9.9,76.4,305,180,52,389,306,374,359,174,94,319,386,341.0,125.0,53
9.9,76.5,310,184,51,401,289,371,358,176,134,322,389,359.0,117.0,54
9.9,76.6,301,151,54,417,283,358,439,168,132,331,398,543.0,112.0,53
9.9,76.7,301,147,50,386,313,344,328,155,127,322,398,358.0,119.0,53
9.9,76.8,331,157,58,329,340,351,521,161,207,342,408,346.0,112.0,53
9.9,76.9,319,156,63,360,321,446,426,182,92,329,400,387.0,110.0,54
9.9,77.0,300,155,61,399,300,417,465,184,102,327,392,448.0,112.0,52
9.9,77.1,339,167,56,380,281,410,441,193,119,340,395,418.0,111.0,53
9.9,77.2,341,183,64,314,345,477,515,201,75,313,410,450.0,109.0,54
9.9,77.3,302,255,43,381,318,325,324,143,74,281,364,482.0,132.0,67
9.9,77.4,298,270,48,428,273,321,296,158,73,320,382,353.0,139.0,67
9.9,77.5,310,251,38,440,250,297,291,158,75,289,353,329.0,140.0,68
9.9,77.6,318,265,45,427,254,323,257,168,88,286,370,321.0,135.0,68
9.9,77.7,336,243,48,429,235,343,246,156,86,285,357,317.0,135.0,68
9.9,77.8,306,256,39,434,260,286,265,144,86,291,354,280.0,151.0,71
9.9,77.9,315,305,42,414,271,304,255,151,94,264,352,291.0,151.0,74
9.9,78.0,242,155,28,658,100,262,242,106,153,210,280,252.0,169.0,78
9.9,78.2,336,303,36,412,252,281,236,159,88,269,346,289.0,149.0,75
9.9,78.3,354,297,36,387,260,270,250,168,79,272,342,271.0,149.0,73
9.9,78.4,327,272,33,378,295,280,266,176,88,276,333,276.0,147.0,71
9.9,78.5,325,251,35,377,298,291,233,164,101,292,312,339.0,148.0,70
9.9,78.6,336,322,34,362,302,288,274,168,91,283,332,303.0,149.0,72
9.9,78.7,293,280,37,400,308,315,248,168,98,285,340,332.0,149.0,73
9.9,78.8,331,260,39,366,303,321,262,182,63,277,356,307.0,144.0,73
9.9,78.9,351,292,38,383,266,331,301,173,58,270,362,345.0,141.0,75
9.9,79.0,329,321,41,349,322,331,333,183,58,307,365,423.0,139.0,73
9.9,79.1,374,344,48,312,314,353,337,199,72,295,381,443.0,136.0,72
10.0,76.4,297,190,51,406,297,366,306,172,171,326,385,427.0,123.0,53
10.0,76.5,312,196,48,399,288,354,339,156,133,327,389,376.0,118.0,54
10.0,76.6,287,165,55,419,294,346,346,159,128,327,386,343.0,116.0,53
10.0,76.7,312,155,58,367,321,356,427,160,124,323,391,415.0,117.0,53
10.0,76.8,306,147,60,344,350,390,500,167,148,340,388,455.0,108.0,53
10.0,76.9,372,178,66,352,276,424,682,202,180,318,409,521.0,110.0,55
10.0,77.0,325,151,58,412,264,378,440,188,113,338,398,456.0,112.0,53
10.0,77.1,347,159,62,335,318,411,405,188,112,315,397,417.0,111.0,54
10.0,77.2,350,187,67,321,329,425,446,206,93,322,410,489.0,110.0,54
10.0,77.3,290,249,64,401,308,376,392,160,159,301,373,551.0,127.0,65
10.0,77.4,325,251,52,450,224,336,315,158,113,289,371,295.0,135.0,65
10.0,77.5,355,250,45,418,227,313,279,170,79,296,367,379.0,140.0,65
10.0,77.6,296,264,38,467,237,295,225,159,113,309,350,306.0,142.0,71
10.0,77.7,305,255,48,439,257,341,294,168,139,283,367,378.0,131.0,67
10.0,77.8,298,242,39,446,256,293,229,149,79,271,370,270.0,146.0,70
10.0,77.9,302,246,38,426,271,297,239,159,119,273,354,298.0,151.0,71
10.0,78.0,270,240,41,420,310,292,271,161,101,293,361,320.0,145.0,68
10.0,78.1,318,311,47,407,276,305,264,163,80,262,364,280.0,147.0,71
10.0,78.2,319,327,38,397,284,279,244,166,118,278,369,263.0,150.0,72
10.0,78.3,327,294,35,390,283,288,259,169,98,275,337,293.0,147.0,72
10.0,78.4,334,310,47,356,310,331,299,175,110,263,332,351.0,143.0,69
10.0,78.5,353,290,45,363,284,312,291,176,84,274,335,361.0,148.0,70
10.0,78.6,353,282,35,379,268,291,246,171,85,288,333,311.0,147.0,72
10.0,78.7,333,258,38,375,292,320,249,177,75,269,337,332.0,144.0,73
10.0,78.8,342,262,40,384,274,316,242,172,71,269,338,347.0,144.0,74
10.0,78.9,389,361,39,369,242,328,235,183,53,304,362,413.0,148.0,82
10.0,79.0,400,374,42,328,272,308,304,177,66,303,361,371.0,144.0,80
10.0,79.1,356,327,48,340,304,327,394,195,78,292,366,323.0,140.0,70
10.0,79.2,354,275,47,304,342,330,366,209,60,303,369,484.0,135.89,69
