Latitude,Longitude,Elevation,Mean Temperature,Humidity,Rainfall,clay,cec,ocs,sand,silt,ocd,nitrogen,wv1500,cfvo,wv0033,wv0010,soc,bdod,phh2o,N_approx,P_approx,K_approx
8.2,93.5,20,28.44,81.54,2.5,267,193,65,444,289,424,492,148,92,330,361,558.0,81.0,54,406.3925,25.0,180.425
8.3,77.1,27,25.78,81.53,0.15,327,245,57,367,306,356,461,191,110,284,370,528.0,135.0,61,412.81775,25.0,187.5755
8.3,77.2,37,23.03,89.67,0.0,296,186,50,401,303,311,426,186,65,278,379,408.0,134.0,56,395.17,25.0,182.26
8.3,77.3,99,23.03,89.67,0.0,350,210,54,364,286,339,426,195,135,278,355,514.0,135.0,57,409.0,25.0,187.28
8.3,77.4,105,23.03,89.67,0.0,354,214,58,352,294,366,482,178,133,270,378,526.0,126.0,58,411.26,25.0,187.8
8.3,77.5,282,23.03,89.67,0.0,361,205,63,357,282,406,462,179,117,290,375,510.0,120.0,57,410.94,25.0,187.8
8.3,77.6,80,23.03,89.67,0.0,347,272,43,368,285,328,250,167,53,269,366,268.0,141.0,64,400.93,25.0,190.45
8.3,77.7,49,23.03,89.67,0.0,331,247,38,399,269,274,244,160,77,281,351,432.0,141.0,70,404.85,25.0,188.32
8.3,77.8,20,23.03,89.67,0.0,320,283,43,371,309,297,256,176,63,294,348,639.0,145.0,68,421.57,25.0,189.27
8.3,77.9,23,25.88,86.21,0.12,283,239,36,379,338,274,224,168,124,304,348,422.0,138.0,69,399.95820000000003,25.0,184.5164
8.3,79.9,13,26.08,86.28,14.32,267,211,70,456,278,384,525,196,99,314,334,766.0,122.0,59,419.5052,25.0,181.1704
8.3,80.0,52,26.08,86.28,14.32,257,160,55,562,181,336,485,192,87,301,347,568.0,125.0,57,399.4252,25.0,177.8404
8.3,80.1,94,26.08,86.28,14.32,300,180,57,498,202,351,408,194,105,311,344,481.0,129.0,58,400.03520000000003,25.0,181.8904
8.3,80.2,98,26.08,86.28,14.32,271,207,54,506,223,354,321,181,86,319,324,407.0,136.0,60,396.8352,25.0,181.2904
8.3,80.3,87,26.08,86.28,14.32,253,166,53,532,214,358,373,189,89,301,354,393.0,135.0,61,389.9052,25.0,178.0204
8.3,80.4,94,25.19,90.88,20.32,280,186,59,496,224,368,369,176,107,317,347,364.0,138.0,60,392.6952,25.0,180.6904
8.3,80.5,113,25.19,90.88,20.32,300,181,52,482,218,324,352,173,95,306,361,371.0,133.0,59,392.6252,25.0,181.8004
8.3,80.6,119,25.19,90.88,20.32,279,172,54,458,263,356,514,181,124,311,348,428.0,129.0,58,394.4852,25.0,179.8404
8.3,80.7,120,25.19,90.88,20.32,280,209,55,423,297,355,475,200,149,310,378,403.0,128.0,59,397.4352,25.0,181.8004
8.3,80.8,129,25.19,90.88,20.32,294,217,57,402,304,391,517,209,165,311,378,515.0,130.0,59,407.1752,25.0,183.18040000000002
8.3,80.9,217,25.19,90.88,20.32,326,202,65,344,330,372,628,198,188,308,387,821.0,111.0,57,425.4652,25.0,184.5904
8.3,81.0,48,26.88,83.72,17.2,336,199,53,334,330,372,508,200,114,306,386,653.0,130.0,59,415.712,25.0,185.31400000000002
8.3,81.1,30,26.88,83.72,17.2,356,260,58,339,305,361,466,204,89,303,391,555.0,130.0,62,418.132,25.0,189.88400000000001
8.3,81.2,21,26.88,83.72,17.2,283,274,64,363,354,398,693,205,93,316,371,950.0,115.0,58,439.632,25.0,185.31400000000002
8.3,81.3,18,26.88,83.72,17.2,308,250,58,365,326,395,615,185,104,312,360,569.0,126.0,62,415.432,25.0,186.024
8.3,93.1,20,28.41,80.53,2.08,282,160,54,487,231,402,495,151,54,320,364,568.0,120.0,52,403.48879999999997,25.0,179.7576
8.4,77.0,20,25.78,81.53,0.15,332,230,58,388,280,366,440,202,141,318,395,475.0,135.0,57,408.60775,25.0,187.0155
8.4,77.1,28,25.78,81.53,0.15,316,268,61,350,334,384,488,184,91,319,375,478.0,136.0,56,412.79775,25.0,187.7555
8.4,77.2,66,23.03,89.67,0.0,336,192,55,387,277,348,384,195,104,284,375,424.0,130.0,55,400.78999999999996,25.0,185.32
8.4,77.3,80,23.03,89.67,0.0,355,221,51,350,295,364,439,193,146,287,360,409.0,124.0,57,405.12,25.0,188.18
8.4,77.4,129,23.03,89.67,0.0,356,223,63,345,299,394,466,182,153,293,369,487.0,132.0,60,410.92,25.0,188.47
8.4,77.5,603,23.03,89.67,0.0,315,186,80,343,342,474,483,206,122,297,386,683.0,112.0,56,417.89,25.0,183.59
8.4,77.6,115,23.03,89.67,0.0,340,248,49,378,282,303,272,178,106,290,342,492.0,137.0,66,410.19,25.0,188.84
8.4,77.7,59,23.03,89.67,0.0,366,266,41,379,256,283,234,163,107,291,343,454.0,144.0,69,411.2,25.0,191.68
8.4,77.8,39,23.03,89.67,0.0,334,280,41,383,284,294,265,174,65,283,338,513.0,146.0,71,414.45,25.0,190.22
8.4,77.9,57,25.88,86.21,0.12,293,265,42,402,306,292,231,166,114,289,342,633.0,135.0,70,416.9482,25.0,186.5564
8.4,78.0,14,25.88,86.21,0.12,324,244,48,348,328,286,204,168,92,302,356,377.0,146.0,69,401.08820000000003,25.0,187.6364
8.4,79.9,35,26.08,86.28,14.32,289,209,64,416,295,342,474,188,111,308,334,573.0,126.0,60,407.9352,25.0,182.6504
8.4,80.0,74,26.08,86.28,14.32,302,180,52,466,232,370,442,190,115,316,340,513.0,125.0,58,402.6652,25.0,182.0304
8.4,80.1,80,26.08,86.28,14.32,261,178,59,497,241,361,457,193,97,309,343,523.0,126.0,58,399.8852,25.0,179.06040000000002
8.4,80.2,83,26.08,86.28,14.32,262,217,55,504,234,337,307,171,77,307,348,353.0,135.0,60,393.65520000000004,25.0,181.1604
8.4,80.3,87,26.08,86.28,14.32,289,195,52,478,233,356,351,167,96,305,355,417.0,135.0,58,397.3752,25.0,181.8704
8.4,80.4,79,25.19,90.88,20.32,245,244,64,477,279,358,360,183,97,291,348,446.0,134.0,59,401.8552,25.0,181.1004
8.4,80.5,104,25.19,90.88,20.32,294,165,60,480,226,347,399,185,88,312,344,484.0,130.0,59,397.7552,25.0,180.5804
8.4,80.6,105,25.19,90.88,20.32,297,184,50,443,259,361,460,177,119,318,353,444.0,130.0,57,398.3252,25.0,181.6604
8.4,81.3,9,26.88,83.72,17.2,277,268,52,351,372,421,642,184,93,327,376,669.0,123.0,63,422.172,25.0,184.794
8.5,77.1,67,25.78,81.53,0.15,328,214,62,385,287,386,421,214,159,290,373,489.0,127.0,55,407.90774999999996,25.0,185.8555
8.5,77.2,136,23.03,89.67,0.0,322,205,56,363,315,402,441,200,104,280,383,389.0,126.0,57,400.83000000000004,25.0,185.07
8.5,77.3,127,23.03,89.67,0.0,339,211,63,377,283,375,441,199,133,289,370,440.0,123.0,58,404.96000000000004,25.0,186.6
8.5,77.4,1324,23.03,89.67,0.0,352,187,70,353,295,502,553,188,74,344,421,872.0,106.0,53,432.87,25.0,186.11
8.5,77.5,406,23.03,89.67,0.0,312,201,67,450,239,393,442,177,108,300,375,542.0,126.0,57,408.56,25.0,184.17000000000002
8.5,77.6,111,23.03,89.67,0.0,372,250,46,371,257,295,278,163,91,286,352,374.0,141.0,67,405.32,25.0,191.22
8.5,77.7,80,23.03,89.67,0.0,373,279,42,381,246,298,275,173,75,284,339,308.0,147.0,69,404.94,25.0,192.82
8.5,77.8,55,23.03,89.67,0.0,300,257,37,414,286,317,231,172,106,295,336,532.0,143.0,72,411.11,25.0,186.73000000000002
8.5,77.9,33,25.88,86.21,0.12,335,253,37,426,238,276,246,163,101,290,342,494.0,151.0,73,409.5382,25.0,189.0164
8.5,78.0,16,25.88,86.21,0.12,268,234,36,413,319,284,189,162,71,291,327,759.0,137.0,71,418.7682,25.0,183.2964
8.5,78.1,12,25.88,86.21,0.12,318,201,47,364,317,305,224,182,69,313,357,449.0,145.0,68,400.4282,25.0,185.0264
8.5,79.9,21,26.08,86.28,14.32,292,251,62,429,279,340,483,183,122,310,332,711.0,122.0,59,421.4352,25.0,184.9204
8.5,80.0,50,26.08,86.28,14.32,283,204,55,442,276,317,439,199,125,314,355,491.0,126.0,59,401.27520000000004,25.0,181.9404
8.5,80.1,46,26.08,86.28,14.32,282,169,54,475,242,343,451,171,125,300,342,502.0,124.0,58,398.47520000000003,25.0,180.0804
8.5,80.2,52,26.08,86.28,14.32,287,163,54,471,242,359,324,178,80,301,353,390.0,133.0,58,391.8652,25.0,180.1304
8.5,80.3,59,26.08,86.28,14.32,265,178,52,489,246,354,428,184,100,310,346,493.0,131.0,58,398.15520000000004,25.0,179.3404
8.5,80.4,71,25.19,90.88,20.32,299,195,58,464,237,346,344,181,101,299,345,428.0,133.0,59,398.3152,25.0,182.43040000000002
8.5,80.5,91,25.19,90.88,20.32,284,192,51,489,227,362,395,184,108,322,346,412.0,131.0,58,396.4552,25.0,181.1904
8.5,80.6,114,25.19,90.88,20.32,274,170,53,454,272,356,503,184,123,304,349,470.0,128.0,58,396.4152,25.0,179.3904
8.5,80.7,117,25.19,90.88,20.32,280,188,66,447,273,379,650,189,138,310,356,547.0,117.0,57,404.3352,25.0,180.6704
8.5,80.8,84,25.19,90.88,20.32,276,201,57,411,312,378,586,199,123,309,364,537.0,128.0,59,404.9252,25.0,181.1204
8.5,80.9,144,25.19,90.88,20.32,298,216,60,327,375,374,603,204,197,323,399,665.0,115.0,57,415.8852,25.0,183.3304
8.5,81.0,93,26.88,83.72,17.2,318,255,61,299,382,385,596,200,133,308,394,694.0,115.0,59,424.022,25.0,186.854
8.5,81.1,12,26.88,83.72,17.2,378,246,50,289,333,372,513,208,122,306,381,529.0,131.0,61,416.79200000000003,25.0,190.684
8.5,81.3,9,26.88,83.72,17.2,239,300,57,387,373,389,663,179,107,318,379,825.0,120.0,61,431.812,25.0,183.654
8.6,76.9,66,25.78,81.53,0.15,320,227,59,357,323,377,371,203,161,303,392,407.0,132.0,54,403.74775,25.0,185.90550000000002
8.6,77.1,92,25.78,81.53,0.15,344,244,61,370,287,399,416,203,141,309,383,419.0,124.0,55,408.81775,25.0,188.4755
8.6,77.2,399,23.03,89.67,0.0,329,210,64,402,269,400,479,186,100,291,383,465.0,123.0,56,406.45,25.0,185.77
8.6,77.3,624,23.03,89.67,0.0,340,188,70,375,285,521,429,207,88,280,409,661.0,101.0,53,420.06,25.0,185.32
8.6,77.4,560,23.03,89.67,0.0,334,207,70,392,274,459,491,179,119,290,359,779.0,108.0,54,427.11,25.0,185.89
8.6,77.5,350,23.03,89.67,0.0,316,184,60,440,244,391,395,177,138,262,365,434.0,120.0,57,400.26,25.0,183.6
8.6,77.6,88,23.03,89.67,0.0,349,229,42,383,268,287,253,173,90,290,348,306.0,144.0,66,396.9,25.0,188.52
8.6,77.7,64,23.03,89.67,0.0,332,273,44,379,290,262,268,170,90,306,358,330.0,147.0,69,401.59000000000003,25.0,189.65
8.6,77.8,43,23.03,89.67,0.0,298,247,35,434,268,287,209,163,83,294,339,602.0,137.0,72,413.07,25.0,186.09
8.6,77.9,16,25.88,86.21,0.12,353,267,43,342,305,293,215,182,56,291,358,357.0,146.0,68,404.9182,25.0,190.7764
8.6,78.0,8,25.88,86.21,0.12,341,239,44,344,315,308,225,179,61,312,375,454.0,143.0,69,406.95820000000003,25.0,188.5764
8.6,80.0,38,26.08,86.28,14.32,316,193,66,418,265,339,470,204,128,293,352,543.0,124.0,58,406.0752,25.0,183.6604
8.6,80.1,67,26.08,86.28,14.32,285,196,56,465,250,360,485,175,137,311,353,552.0,126.0,57,405.4652,25.0,181.6004
8.6,80.2,77,26.08,86.28,14.32,259,192,67,485,256,399,499,181,134,321,355,671.0,123.0,58,411.4452,25.0,179.62040000000002
8.6,80.3,59,26.08,86.28,14.32,277,194,66,468,255,372,490,174,113,305,356,558.0,127.0,56,405.4152,25.0,180.9004
8.6,80.4,84,25.19,90.88,20.32,297,178,50,459,245,372,425,174,111,316,352,475.0,129.0,57,399.7952,25.0,181.3604
8.6,80.5,117,25.19,90.88,20.32,270,210,64,466,264,362,612,174,161,305,350,609.0,122.0,57,409.4852,25.0,181.0704
8.6,80.6,123,25.19,90.88,20.32,278,176,59,442,280,384,536,178,159,310,354,548.0,126.0,59,402.9052,25.0,180.0104
8.6,80.7,100,25.19,90.88,20.32,284,195,60,430,287,388,641,184,143,312,356,680.0,119.0,58,413.6752,25.0,181.3404
8.6,80.8,112,25.19,90.88,20.32,292,225,61,317,391,384,593,208,183,334,386,761.0,116.0,58,422.5752,25.0,183.4004
8.6,80.9,59,25.19,90.88,20.32,308,207,64,340,353,354,619,198,146,306,376,682.0,117.0,57,415.9252,25.0,183.5804
8.6,81.0,55,26.88,83.72,17.2,343,218,57,313,344,367,562,210,111,301,384,657.0,117.0,59,418.572,25.0,186.75400000000002
8.6,81.1,65,26.88,83.72,17.2,346,248,61,276,377,393,586,204,154,303,381,791.0,117.0,59,431.202,25.0,188.464
8.6,81.2,10,26.88,83.72,17.2,332,297,55,313,356,374,634,200,105,311,389,743.0,130.0,62,432.562,25.0,190.054
8.7,76.8,19,25.78,81.53,0.15,355,218,61,378,267,431,341,188,111,330,390,469.0,126.0,53,410.48775,25.0,187.8655
8.7,76.9,69,25.78,81.53,0.15,321,232,58,382,297,360,412,199,133,312,401,327.0,123.0,53,399.13775,25.0,186.1855
8.7,77.0,72,25.78,81.53,0.15,335,203,58,368,297,380,385,199,128,334,402,329.0,122.0,53,397.35775,25.0,185.7155
8.7,77.1,123,25.78,81.53,0.15,331,204,61,391,279,393,431,206,107,313,385,414.0,123.0,56,402.59775,25.0,185.6055
8.7,77.2,1278,23.03,89.67,0.0,313,238,81,355,332,504,537,210,93,340,425,777.0,100.0,52,430.65,25.0,185.89
8.7,77.3,462,23.03,89.67,0.0,313,161,58,399,288,408,441,177,116,290,376,411.0,125.0,56,396.45,25.0,182.2
8.7,77.4,74,23.03,89.67,0.0,315,179,48,408,277,339,275,172,82,277,373,316.0,139.0,59,390.89,25.0,183.36
8.7,77.5,67,23.03,89.67,0.0,375,228,41,358,267,275,232,147,103,269,352,493.0,142.0,66,409.46,25.0,190.29000000000002
8.7,77.6,49,23.03,89.67,0.0,364,229,41,376,259,285,219,165,103,293,374,360.0,143.0,65,401.15999999999997,25.0,189.53
8.7,77.8,33,23.03,89.67,0.0,338,253,32,417,245,258,198,169,77,292,342,416.0,,72,404.56,25.0,189.19
8.7,78.0,18,25.88,86.21,0.12,324,219,35,402,274,253,219,169,81,285,355,425.0,152.0,75,399.7982,25.0,186.6264
8.7,80.0,30,26.08,86.28,14.32,341,205,59,415,244,329,446,201,137,294,361,536.0,125.0,58,408.5452,25.0,186.0104
8.7,80.1,54,26.08,86.28,14.32,322,208,71,404,274,379,521,187,130,296,359,617.0,121.0,57,413.9652,25.0,184.7904
8.7,80.2,39,26.08,86.28,14.32,311,196,59,432,258,378,467,196,125,306,372,599.0,122.0,59,410.5852,25.0,183.5004
8.7,80.3,49,26.08,86.28,14.32,308,194,56,455,237,365,392,189,109,301,359,522.0,130.0,59,405.1252,25.0,183.1904
8.7,80.4,78,25.19,90.88,20.32,309,225,58,449,242,352,368,173,139,305,355,460.0,132.0,60,404.6852,25.0,184.6704
8.7,80.5,98,25.19,90.88,20.32,280,196,54,454,266,354,462,178,129,310,348,462.0,130.0,58,399.4152,25.0,181.1104
8.7,80.6,109,25.19,90.88,20.32,259,202,58,457,283,388,621,182,149,321,358,676.0,124.0,58,412.5252,25.0,179.9404
8.7,80.7,130,25.19,90.88,20.32,324,198,61,348,328,392,600,205,170,317,376,656.0,114.0,57,415.5452,25.0,184.2504
8.7,80.8,63,25.19,90.88,20.32,322,223,57,314,364,354,600,216,121,320,386,604.0,120.0,57,414.14520000000005,25.0,185.3604
8.7,80.9,41,25.19,90.88,20.32,302,213,58,383,315,388,568,205,105,301,375,675.0,128.0,58,416.7952,25.0,183.5004
8.7,81.0,35,26.88,83.72,17.2,351,220,52,298,352,374,563,211,188,305,386,594.0,121.0,59,415.802,25.0,187.41400000000002
8.7,81.1,38,26.88,83.72,17.2,281,270,66,358,361,401,661,190,93,301,367,707.0,119.0,60,424.462,25.0,185.054
8.8,76.8,62,24.42,83.04,0.22,338,178,57,397,265,361,332,173,164,338,399,295.0,116.0,54,391.9267,25.0,184.7134
8.8,76.9,59,24.42,83.04,0.22,332,211,65,347,321,378,411,201,128,329,397,372.0,119.0,53,400.6267,25.0,185.9034
8.8,77.0,124,24.42,83.04,0.22,345,208,62,357,298,394,508,195,140,329,404,407.0,123.0,54,403.7267,25.0,186.7034
8.8,77.1,255,24.42,83.04,0.22,335,196,69,377,288,442,477,216,119,334,413,525.0,114.0,53,410.1367,25.0,185.3634
8.8,77.3,146,22.88,87.38,0.0,305,191,56,394,301,413,425,175,139,272,372,442.0,128.0,58,401.44,25.0,183.22
8.8,77.4,95,22.88,87.38,0.0,312,231,42,406,282,303,262,166,72,283,360,294.0,146.0,62,394.43,25.0,185.87
8.8,77.5,90,22.88,87.38,0.0,336,251,35,399,264,254,224,162,78,288,343,284.0,142.0,67,396.29,25.0,188.75
8.8,77.6,84,22.88,87.38,0.0,321,258,38,405,273,292,238,168,79,292,335,426.0,136.0,68,405.71,25.0,188.09
8.8,77.7,73,22.88,87.38,0.0,312,259,35,389,299,250,204,164,87,293,346,276.0,147.0,70,394.88,25.0,187.59
8.8,77.8,32,22.88,87.38,0.0,327,243,37,410,262,258,174,175,71,267,343,322.0,149.0,72,396.95,25.0,187.92000000000002
8.8,77.9,59,25.22,85.14,0.01,324,303,42,429,246,276,195,181,87,283,338,246.0,150.0,74,399.85985,25.0,190.7897
8.8,78.0,22,25.22,85.14,0.01,314,242,35,404,282,261,212,164,67,276,348,461.0,155.0,77,404.19984999999997,25.0,187.1597
8.8,78.1,11,25.22,85.14,0.01,314,205,38,387,299,252,175,187,86,296,354,463.0,143.0,70,399.81985,25.0,185.0297
8.8,80.0,11,26.18,83.74,3.6,327,264,52,402,271,295,288,178,111,318,357,476.0,133.0,61,410.096,25.0,188.422
8.8,80.1,21,26.18,83.74,3.6,281,221,51,423,295,341,304,174,108,312,354,419.0,131.0,59,399.736,25.0,182.972
8.8,80.2,64,26.18,83.74,3.6,314,237,62,424,263,376,480,194,181,308,363,653.0,125.0,58,419.086,25.0,186.042
8.8,80.3,84,26.18,83.74,3.6,282,198,54,452,266,363,489,175,172,311,353,618.0,124.0,57,409.706,25.0,181.812
8.8,80.4,81,25.66,87.17,5.55,249,184,52,489,262,343,484,156,142,310,346,400.0,131.0,58,391.97675000000004,25.0,178.7835
8.8,80.5,89,25.66,87.17,5.55,255,170,58,495,249,359,498,162,117,319,350,549.0,126.0,57,400.16675,25.0,178.4635
8.8,80.6,107,25.66,87.17,5.55,258,200,54,458,284,369,570,166,153,312,360,500.0,128.0,59,401.27675,25.0,180.2535
8.8,80.7,91,25.66,87.17,5.55,314,224,63,332,354,384,559,203,182,319,385,670.0,118.0,58,418.75675,25.0,185.33350000000002
8.8,80.8,65,25.66,87.17,5.55,273,240,62,372,355,350,577,208,104,305,377,536.0,126.0,60,408.68674999999996,25.0,183.3435
8.8,80.9,27,25.66,87.17,5.55,268,228,65,402,330,379,622,203,121,284,376,572.0,119.0,58,409.98675000000003,25.0,182.3135
8.8,81.0,25,27.25,81.12,6.7,292,261,63,369,339,386,642,193,101,307,375,724.0,117.0,60,424.8795,25.0,185.689
8.8,81.1,4,27.25,81.12,6.7,240,297,57,348,412,435,670,181,98,314,385,596.0,93.0,63,419.2595,25.0,183.969
8.9,76.7,44,24.42,83.04,0.22,322,198,62,335,343,337,343,182,136,324,402,321.0,124.0,53,394.07669999999996,25.0,184.5534
8.9,76.8,85,24.42,83.04,0.22,344,180,56,366,290,351,358,174,121,336,400,363.0,112.0,52,396.4267,25.0,185.1534
8.9,76.9,68,24.42,83.04,0.22,317,186,63,351,332,395,406,189,118,332,398,330.0,117.0,53,394.56669999999997,25.0,183.6034
8.9,77.0,297,24.42,83.04,0.22,340,183,65,381,278,465,457,202,98,320,389,466.0,111.0,52,406.1067,25.0,185.0234
8.9,77.1,183,24.42,83.04,0.22,335,202,51,360,305,409,440,197,129,338,406,359.0,118.0,54,399.8767,25.0,185.7034
8.9,77.2,783,22.88,87.38,0.0,339,210,68,370,291,490,520,197,102,310,384,590.0,114.0,55,417.38,25.0,186.43
8.9,77.3,190,22.88,87.38,0.0,313,156,55,432,255,393,420,169,117,268,371,416.0,123.0,57,395.67,25.0,181.99
8.9,77.4,140,22.88,87.38,0.0,285,208,42,452,263,306,271,157,51,267,348,290.0,140.0,62,389.63,25.0,182.82999999999998
8.9,77.5,110,22.88,87.38,0.0,336,233,36,420,244,279,220,170,59,266,335,318.0,144.0,66,396.95,25.0,187.81
8.9,77.6,83,22.88,87.38,0.0,336,233,39,402,262,278,216,172,94,269,325,275.0,144.0,67,394.31,25.0,187.85
8.9,77.7,61,22.88,87.38,0.0,333,249,31,397,270,267,204,172,67,285,337,299.0,146.0,70,397.04,25.0,188.56
8.9,77.8,52,22.88,87.38,0.0,300,264,38,436,264,267,190,162,78,283,343,392.0,145.0,72,402.05,25.0,187.08
8.9,77.9,62,25.22,85.14,0.01,290,281,44,460,251,304,204,169,100,302,348,400.0,146.0,74,404.91985,25.0,187.3097
8.9,78.0,48,25.22,85.14,0.01,313,242,40,448,239,303,214,163,72,285,346,590.0,,75,413.18985,25.0,187.0097
8.9,78.1,20,25.22,85.14,0.01,293,241,30,406,301,285,213,175,64,291,369,707.0,148.0,72,418.23985,25.0,185.43970000000002
8.9,80.0,10,26.18,83.74,3.6,276,274,50,441,283,311,315,165,91,318,356,521.0,130.0,62,410.876,25.0,185.392
8.9,80.1,32,26.18,83.74,3.6,324,211,68,390,286,386,511,193,136,303,363,608.0,121.0,58,414.266,25.0,185.442
8.9,80.2,48,26.18,83.74,3.6,355,219,53,351,294,353,406,210,168,317,354,535.0,126.0,58,412.026,25.0,188.012
8.9,80.3,66,26.18,83.74,3.6,309,214,52,429,262,361,418,185,148,301,361,439.0,130.0,57,402.716,25.0,184.502
8.9,80.4,69,25.66,87.17,5.55,292,198,59,418,290,370,510,184,141,316,361,552.0,121.0,57,406.62675,25.0,182.45350000000002
8.9,80.5,96,25.66,87.17,5.55,269,195,60,459,271,398,476,175,130,304,358,562.0,124.0,57,406.09675,25.0,180.6935
8.9,80.6,101,25.66,87.17,5.55,282,197,62,435,283,368,599,189,129,322,357,512.0,118.0,57,403.34675,25.0,181.70350000000002
8.9,80.7,50,25.66,87.17,5.55,297,222,66,415,288,392,686,199,97,304,369,717.0,118.0,59,420.35675,25.0,184.08350000000002
8.9,80.8,36,25.66,87.17,5.55,290,214,57,353,357,373,633,205,106,312,374,599.0,122.0,59,411.25675,25.0,183.1935
8.9,80.9,18,25.66,87.17,5.55,303,249,63,358,339,394,605,200,130,308,379,706.0,121.0,59,423.41675,25.0,185.8535
8.9,81.0,6,27.25,81.12,6.7,254,296,58,351,395,394,731,183,78,315,384,623.0,106.0,59,420.6295,25.0,184.739
9.0,76.6,5,24.42,83.04,0.22,349,225,59,311,340,419,397,194,97,317,390,422.0,113.0,54,407.6967,25.0,187.8334
9.0,76.7,47,24.42,83.04,0.22,322,137,53,369,308,350,314,170,143,333,395,334.0,116.0,53,387.9267,25.0,181.5034
9.0,76.8,49,24.42,83.04,0.22,288,166,56,381,331,352,301,168,121,334,391,311.0,117.0,53,387.7067,25.0,180.5734
9.0,76.9,88,24.42,83.04,0.22,346,199,65,342,312,432,467,206,164,332,397,396.0,114.0,53,403.2267,25.0,186.2834
9.0,77.0,73,24.42,83.04,0.22,355,219,64,351,293,397,452,193,133,324,397,353.0,118.0,53,402.6267,25.0,187.9134
9.0,77.1,335,24.42,83.04,0.22,332,219,62,376,292,444,401,203,97,320,382,441.0,116.0,52,407.73670000000004,25.0,186.2634
9.0,77.5,125,22.88,87.38,0.0,299,229,36,431,270,286,226,170,43,272,320,303.0,140.0,65,393.22,25.0,184.98000000000002
9.0,77.6,119,22.88,87.38,0.0,324,230,38,425,252,284,219,163,106,283,326,453.0,137.0,67,403.97,25.0,186.86
9.0,77.7,106,22.88,87.38,0.0,305,269,36,422,273,283,227,175,85,293,346,426.0,136.0,69,405.61,25.0,187.56
9.0,77.8,81,22.88,87.38,0.0,353,244,37,408,238,274,209,173,87,294,356,459.0,144.0,71,407.62,25.0,189.75
9.0,77.9,78,25.22,85.14,0.01,314,284,37,433,253,303,203,180,92,304,352,701.0,148.0,74,424.98985,25.0,189.1397
9.0,78.0,55,25.22,85.14,0.01,321,229,21,460,218,252,189,162,60,263,324,471.0,161.0,80,403.36985,25.0,187.1197
9.0,78.1,24,25.22,85.14,0.01,316,240,36,393,291,297,228,159,73,285,352,535.0,151.0,72,409.76985,25.0,186.99970000000002
9.0,78.2,9,25.22,85.14,0.01,304,207,39,376,320,294,234,181,73,297,366,604.0,142.0,70,409.07985,25.0,184.4297
9.0,80.1,14,26.18,83.74,3.6,315,246,62,404,281,342,511,186,123,309,358,921.0,121.0,60,435.236,25.0,186.642
9.0,80.2,40,26.18,83.74,3.6,330,216,61,386,284,392,576,193,117,302,371,709.0,121.0,58,421.526,25.0,186.11200000000002
9.0,80.3,52,26.18,83.74,3.6,343,207,58,386,270,383,480,203,102,303,362,586.0,119.0,58,413.706,25.0,186.572
9.0,80.4,90,25.66,87.17,5.55,301,211,58,393,306,397,531,183,130,318,363,709.0,118.0,57,419.04675000000003,25.0,183.7335
9.0,80.5,94,25.66,87.17,5.55,254,250,59,433,314,356,548,176,136,328,365,608.0,120.0,57,413.14675,25.0,182.39350000000002
9.0,80.6,110,25.66,87.17,5.55,278,221,69,408,315,369,617,187,130,314,360,598.0,119.0,57,411.13675,25.0,182.6235
9.0,80.7,55,25.66,87.17,5.55,305,241,66,381,314,365,693,200,95,304,373,630.0,120.0,59,417.16675,25.0,185.5935
9.0,80.8,35,25.66,87.17,5.55,330,229,63,357,313,385,557,192,115,303,371,576.0,121.0,59,414.83675,25.0,186.7435
9.0,80.9,3,25.66,87.17,5.55,248,287,58,398,354,417,619,178,96,307,389,614.0,98.0,62,419.20675,25.0,184.0235
9.1,76.5,10,28.19,74.24,2.08,346,213,62,355,299,389,433,195,100,330,392,622.0,112.0,56,417.0588,25.0,187.04760000000002
9.1,76.6,5,24.42,83.04,0.22,322,177,60,326,352,385,333,179,67,332,393,387.0,113.0,53,396.95669999999996,25.0,183.5034
9.1,76.7,29,24.42,83.04,0.22,299,157,54,380,320,358,291,167,138,338,397,313.0,118.0,53,387.69669999999996,25.0,180.8934
9.1,76.8,26,24.42,83.04,0.22,341,179,59,364,294,386,346,182,127,336,393,361.0,117.0,53,396.9967,25.0,184.9334
9.1,76.9,159,24.42,83.04,0.22,350,166,66,335,315,411,402,206,154,340,403,424.0,112.0,53,400.5967,25.0,184.9134
9.1,77.0,332,24.42,83.04,0.22,317,200,65,374,309,426,449,206,104,327,388,481.0,109.0,52,406.2667,25.0,184.2634
9.1,77.1,71,24.42,83.04,0.22,319,224,62,398,283,399,472,202,135,316,393,432.0,121.0,56,405.4167,25.0,185.7634
9.1,77.2,1198,22.88,87.38,0.0,373,234,78,315,312,529,590,211,106,305,413,762.0,105.0,53,434.19,25.0,189.93
9.1,77.3,215,22.88,87.38,0.0,317,217,57,423,261,398,354,168,119,275,371,443.0,129.0,60,404.95,25.0,185.44
9.1,77.4,199,22.88,87.38,0.0,265,247,42,433,302,338,275,164,98,271,355,568.0,135.0,63,410.52,25.0,183.42000000000002
9.1,77.5,164,22.88,87.38,0.0,332,237,40,405,264,329,266,176,52,279,352,288.0,137.0,66,396.85,25.0,187.73000000000002
9.1,77.6,130,22.88,87.38,0.0,348,262,36,381,271,291,248,175,67,277,343,539.0,138.0,68,414.83,25.0,190.18
9.1,77.7,114,22.88,87.38,0.0,333,268,40,402,266,280,233,176,84,283,345,432.0,133.0,71,407.65999999999997,25.0,189.55
9.1,77.8,111,22.88,87.38,0.0,347,275,45,414,239,298,268,183,107,302,343,308.0,140.0,71,402.58000000000004,25.0,190.88
9.1,77.9,75,25.22,85.14,0.01,344,260,44,423,233,294,252,171,98,284,345,379.0,145.0,75,404.58985,25.0,190.0797
9.1,78.0,55,25.22,85.14,0.01,328,290,47,430,242,286,261,172,110,286,328,489.0,147.0,77,413.36985,25.0,190.53969999999998
9.1,78.1,36,25.22,85.14,0.01,353,286,47,397,250,280,226,181,63,264,353,566.0,147.0,78,419.04985,25.0,192.1297
9.1,78.2,19,25.22,85.14,0.01,336,267,46,372,292,305,240,170,54,291,363,573.0,141.0,69,417.01985,25.0,189.6297
9.1,78.3,11,25.22,85.14,0.01,341,300,40,383,276,288,247,176,78,311,353,716.0,,73,429.27985,25.0,191.7897
9.1,80.1,10,26.18,83.74,3.6,294,280,52,404,302,332,365,171,83,325,357,581.0,126.0,62,417.086,25.0,186.952
9.1,80.2,34,26.18,83.74,3.6,329,211,61,389,282,426,543,190,108,294,364,675.0,122.0,59,419.806,25.0,185.832
9.1,80.3,33,26.18,83.74,3.6,322,213,58,408,270,385,382,193,114,296,362,518.0,130.0,58,408.93600000000004,25.0,185.40200000000002
9.1,80.4,71,25.66,87.17,5.55,302,214,55,382,316,369,524,189,114,305,368,630.0,118.0,58,413.86675,25.0,183.9935
9.1,80.5,55,25.66,87.17,5.55,259,246,56,425,315,399,553,180,92,313,365,676.0,120.0,58,418.35675,25.0,182.58350000000002
9.1,80.6,78,25.66,87.17,5.55,284,221,62,409,306,397,585,191,104,311,367,566.0,120.0,58,410.44675,25.0,183.08350000000002
9.1,80.7,39,25.66,87.17,5.55,295,223,63,406,299,398,649,197,153,288,370,729.0,121.0,59,421.23675000000003,25.0,183.9935
9.1,80.8,28,25.66,87.17,5.55,269,250,72,395,336,404,628,195,124,298,369,616.0,119.0,60,416.02675,25.0,183.5635
9.2,76.5,11,28.19,74.24,2.08,309,164,59,353,337,427,399,181,81,332,388,427.0,124.0,56,398.0288,25.0,182.0076
9.2,76.6,15,24.42,83.04,0.22,302,168,50,364,334,374,287,182,117,327,401,289.0,123.0,53,388.2667,25.0,181.6534
9.2,76.7,29,24.42,83.04,0.22,324,185,52,383,293,387,289,180,157,330,395,299.0,118.0,54,392.8067,25.0,184.0834
9.2,76.8,184,24.42,83.04,0.22,324,160,59,353,323,400,358,187,142,341,403,360.0,109.0,53,393.8867,25.0,182.79340000000002
9.2,76.9,134,24.42,83.04,0.22,312,170,60,386,303,398,342,174,141,321,394,371.0,110.0,52,394.8767,25.0,182.4134
9.2,77.0,447,24.42,83.04,0.22,313,181,60,389,298,415,408,195,85,318,384,447.0,108.0,52,401.3367,25.0,183.0334
9.2,77.1,418,24.42,83.04,0.22,335,214,72,360,304,466,417,204,90,333,389,483.0,111.0,53,410.49670000000003,25.0,186.2634
9.2,77.2,1515,22.88,87.38,0.0,321,211,86,331,348,569,543,217,76,322,446,867.0,93.0,52,435.32,25.0,185.1
9.2,77.3,589,22.88,87.38,0.0,341,183,63,374,285,453,443,176,104,303,382,502.0,121.0,57,407.83,25.0,185.3
9.2,77.4,188,22.88,87.38,0.0,288,225,45,432,280,320,312,165,61,285,360,364.0,138.0,63,396.71,25.0,183.93
9.2,77.5,182,22.88,87.38,0.0,313,251,41,433,254,357,320,177,145,284,352,590.0,130.0,66,416.15999999999997,25.0,187.10000000000002
9.2,77.6,132,22.88,87.38,0.0,337,268,38,396,266,301,242,173,85,284,341,304.0,138.0,69,400.95,25.0,189.75
9.2,77.7,128,22.88,87.38,0.0,350,273,47,369,282,323,287,180,118,297,345,432.0,139.0,71,410.74,25.0,190.99
9.2,77.8,102,22.88,87.38,0.0,356,268,39,391,253,302,297,173,94,283,330,357.0,141.0,71,405.43,25.0,191.16
9.2,77.9,89,25.22,85.14,0.01,347,283,40,408,245,296,275,171,96,277,347,503.0,131.0,75,415.05985,25.0,191.43970000000002
9.2,78.0,57,25.22,85.14,0.01,341,295,40,399,260,319,299,185,105,287,345,617.0,145.0,76,423.57984999999996,25.0,191.6597
9.2,78.1,29,25.22,85.14,0.01,363,274,41,382,256,289,248,171,64,280,361,504.0,139.0,72,415.03985,25.0,191.9897
9.2,78.2,27,25.22,85.14,0.01,325,312,43,387,288,294,255,184,80,300,354,598.0,143.0,77,422.57984999999996,25.0,191.4297
9.2,78.3,19,25.22,85.14,0.01,365,308,48,368,267,313,252,183,81,302,349,687.0,132.0,73,430.92985,25.0,193.8697
9.2,78.4,12,25.22,85.14,0.01,369,298,42,325,306,318,259,182,90,296,359,596.0,,71,424.75985000000003,25.0,193.5697
9.2,78.5,9,26.39,83.15,0.14,347,286,39,330,323,303,261,192,59,288,383,506.0,,70,415.9579,25.0,191.38580000000002
9.2,78.6,10,26.39,83.15,0.14,352,273,47,331,317,310,228,185,51,298,383,,,73,,,191.2058
9.2,78.7,6,26.39,83.15,0.14,348,262,38,301,351,299,258,183,59,313,362,488.0,137.0,70,411.9479,25.0,190.25580000000002
9.2,80.2,44,26.18,83.74,3.6,305,247,61,402,292,419,560,187,143,293,363,757.0,125.0,59,427.156,25.0,185.952
9.2,80.3,39,26.18,83.74,3.6,315,221,54,406,279,369,356,167,121,305,365,543.0,130.0,59,410.396,25.0,185.352
9.2,80.4,55,25.66,87.17,5.55,274,225,61,401,325,404,532,178,103,308,362,627.0,120.0,58,414.09675,25.0,182.58350000000002
9.2,80.5,57,25.66,87.17,5.55,283,197,61,381,336,408,584,197,111,303,364,616.0,117.0,58,410.82675,25.0,181.8135
9.2,80.7,21,25.66,87.17,5.55,278,219,56,428,294,357,534,190,117,300,371,503.0,127.0,61,404.71675,25.0,182.6835
9.2,80.8,12,25.66,87.17,5.55,290,252,55,374,336,372,577,197,92,302,388,672.0,130.0,62,420.07675,25.0,185.2135
9.2,92.8,39,28.27,79.56,0.63,282,133,50,448,269,372,475,145,113,304,368,459.0,116.0,52,392.83055,25.0,178.4511
9.3,76.4,2,28.33,75.18,1.66,337,208,58,305,358,390,372,202,85,342,431,790.0,109.0,53,426.0351,25.0,186.0602
9.3,76.5,-1,28.33,75.18,1.66,307,213,68,333,361,432,416,195,76,330,389,582.0,112.0,54,413.2851,25.0,184.2502
9.3,76.6,11,23.54,84.8,0.06,302,205,66,369,329,423,341,172,64,327,396,410.0,117.0,54,401.40909999999997,25.0,183.5482
9.3,76.7,7,23.54,84.8,0.06,330,191,55,348,322,404,318,175,125,330,392,336.0,116.0,53,396.70910000000003,25.0,184.7682
9.3,76.8,72,23.54,84.8,0.06,277,142,57,380,343,361,312,174,154,342,400,338.0,111.0,53,385.9491,25.0,178.6082
9.3,76.9,199,23.54,84.8,0.06,363,173,55,339,299,376,388,195,128,329,404,388.0,113.0,52,399.16909999999996,25.0,186.13819999999998
9.3,77.0,504,23.54,84.8,0.06,302,184,56,398,299,387,423,173,97,325,387,482.0,110.0,52,402.1891,25.0,182.4182
9.3,77.1,626,23.54,84.8,0.06,330,243,70,388,281,466,455,196,92,332,382,502.0,114.0,53,414.7691,25.0,187.3682
9.3,77.2,1343,21.91,86.16,0.0,390,178,74,346,264,489,503,211,68,309,404,563.0,104.0,53,415.52,25.0,188.32
9.3,77.3,898,21.91,86.16,0.0,366,205,82,317,317,512,533,195,106,340,409,679.0,114.0,56,424.64,25.0,188.11
9.3,77.4,185,21.91,86.16,0.0,280,258,55,408,312,350,361,166,67,294,366,407.0,133.0,62,403.62,25.0,184.98
9.3,77.5,146,21.91,86.16,0.0,317,291,46,419,264,342,324,152,87,250,354,286.0,142.0,67,402.52,25.0,189.42000000000002
9.3,77.6,124,21.91,86.16,0.0,371,277,45,388,241,326,318,179,96,290,339,635.0,133.0,71,424.96000000000004,25.0,192.66000000000003
9.3,77.7,96,21.91,86.16,0.0,324,277,39,391,285,327,317,165,108,279,338,286.0,142.0,71,400.76,25.0,189.37
9.3,77.8,87,21.91,86.16,0.0,340,287,43,383,276,302,304,169,109,272,339,332.0,140.0,73,405.03,25.0,191.07
9.3,77.9,79,24.59,84.21,0.0,365,283,47,386,249,308,283,178,80,289,340,433.0,138.0,75,412.48,25.0,192.7
9.3,78.0,51,24.59,84.21,0.0,382,297,42,372,246,309,311,178,66,292,337,331.0,144.0,75,409.26,25.0,194.59
9.3,78.1,58,24.59,84.21,0.0,340,277,39,372,288,284,249,176,72,283,365,509.0,136.0,77,413.79,25.0,190.73000000000002
9.3,78.2,50,24.59,84.21,0.0,340,297,43,369,291,310,245,177,70,283,348,735.0,134.0,78,430.5,25.0,191.77
9.3,78.3,34,24.59,84.21,0.0,331,288,47,368,301,320,281,183,80,293,357,773.0,,75,431.46,25.0,190.57
9.3,78.4,26,24.59,84.21,0.0,362,320,41,337,301,324,237,176,61,282,343,502.0,138.0,72,421.42,25.0,194.22
9.3,78.5,23,25.34,84.03,0.03,320,295,40,332,348,310,256,173,58,282,350,555.0,,71,418.26955,25.0,189.9891
9.3,78.6,18,25.34,84.03,0.03,346,276,37,346,308,286,261,189,52,293,366,399.0,,74,407.63955,25.0,190.97910000000002
9.3,78.7,14,25.34,84.03,0.03,339,311,37,347,313,304,286,195,61,298,350,583.0,137.0,73,422.95955,25.0,192.1991
9.3,78.8,4,25.34,84.03,0.03,336,362,43,335,329,351,278,199,97,324,360,487.0,138.0,76,424.42955,25.0,194.6591
9.3,78.9,13,25.34,84.03,0.03,379,279,49,318,303,303,323,202,52,328,372,440.0,140.0,68,413.45955,25.0,193.1991
9.3,79.0,5,25.34,84.03,0.03,368,285,39,331,300,329,320,196,66,328,356,,,70,,,192.8091
9.3,79.3,9,26.79,78.89,0.18,280,268,62,369,351,373,380,209,114,314,364,532.0,126.0,65,412.9173,25.0,185.5946
9.3,80.2,13,26.61,79.19,0.54,283,253,58,397,320,384,480,175,88,299,374,555.0,126.0,58,413.2419,25.0,184.7638
9.3,80.3,27,26.61,79.19,0.54,314,214,53,383,303,357,463,183,122,299,364,544.0,129.0,59,409.2319,25.0,185.0238
9.3,80.4,45,26.64,79.84,1.26,318,235,54,405,277,359,411,176,111,294,359,421.0,132.0,61,404.6411,25.0,186.4122
9.3,80.5,54,26.64,79.84,1.26,296,196,61,392,312,396,611,190,120,289,373,676.0,116.0,58,414.9211,25.0,182.8022
9.3,80.6,37,26.64,79.84,1.26,283,217,61,372,345,425,607,184,138,298,370,714.0,118.0,60,419.6211,25.0,183.0222
9.3,80.7,38,26.64,79.84,1.26,380,231,54,313,306,361,577,204,123,310,391,687.0,123.0,59,424.5811,25.0,190.47220000000002
9.4,76.5,0,28.33,75.18,1.66,303,214,74,307,390,449,372,190,72,339,392,541.0,109.0,55,411.14509999999996,25.0,184.0602
9.4,76.6,14,23.54,84.8,0.06,315,172,56,327,359,448,320,167,104,336,396,492.0,114.0,54,404.02909999999997,25.0,182.8082
9.4,76.7,80,23.54,84.8,0.06,272,160,56,400,329,370,290,161,145,325,402,316.0,115.0,54,386.6791,25.0,179.1982
9.4,76.8,101,23.54,84.8,0.06,313,157,53,384,303,351,316,159,169,339,397,312.0,115.0,53,388.40909999999997,25.0,181.8782
9.4,76.9,162,23.54,84.8,0.06,300,146,57,379,321,409,374,181,126,321,392,456.0,109.0,52,396.5891,25.0,180.3782
9.4,77.0,441,23.54,84.8,0.06,311,176,61,388,301,439,433,181,105,339,398,549.0,108.0,52,407.4391,25.0,182.6482
9.4,77.1,542,23.54,84.8,0.06,326,203,64,381,293,451,486,191,99,331,404,576.0,113.0,52,413.70910000000003,25.0,185.0482
9.4,77.2,1240,21.91,86.16,0.0,362,174,70,346,292,461,508,206,55,318,396,468.0,109.0,53,406.53999999999996,25.0,186.16
9.4,77.3,1023,21.91,86.16,0.0,334,235,79,347,320,466,599,204,92,301,383,498.0,107.0,55,413.78999999999996,25.0,187.33
9.4,77.4,197,21.91,86.16,0.0,291,242,55,418,291,372,362,152,79,278,352,363.0,131.0,63,400.46,25.0,184.99
9.4,77.5,164,21.91,86.16,0.0,313,266,41,410,276,315,298,153,62,293,353,340.0,142.0,68,401.64,25.0,187.93
9.4,77.6,133,21.91,86.16,0.0,371,269,44,386,244,320,288,172,94,288,345,328.0,145.0,70,405.43,25.0,192.22
9.4,77.7,110,21.91,86.16,0.0,343,282,39,403,254,300,284,169,105,287,328,309.0,147.0,70,403.29,25.0,190.91
9.4,77.8,96,21.91,86.16,0.0,343,291,42,382,275,298,298,178,83,281,341,361.0,143.0,73,407.34000000000003,25.0,191.48000000000002
9.4,77.9,80,24.59,84.21,0.0,347,302,38,398,255,283,309,175,90,272,333,312.0,142.0,74,405.52,25.0,192.35
9.4,78.0,73,24.59,84.21,0.0,382,299,41,371,248,319,300,181,100,280,343,339.0,139.0,75,410.28,25.0,194.69
9.4,78.1,77,24.59,84.21,0.0,396,328,39,342,262,307,316,187,64,287,353,390.0,143.0,75,417.44,25.0,197.12
9.4,78.2,70,24.59,84.21,0.0,359,298,46,367,274,313,311,180,93,297,354,746.0,131.0,76,432.76,25.0,193.07
9.4,78.3,54,24.59,84.21,0.0,359,298,39,334,306,300,233,179,76,282,353,683.0,,76,428.59000000000003,25.0,193.07
9.4,78.4,37,24.59,84.21,0.0,343,297,41,354,303,289,250,182,55,285,376,505.0,138.0,74,416.4,25.0,191.82
9.4,78.5,33,25.34,84.03,0.03,367,292,41,336,297,296,238,175,62,282,382,454.0,143.0,75,414.59955,25.0,193.28910000000002
9.4,78.6,29,25.34,84.03,0.03,337,294,36,346,317,296,279,182,70,284,357,494.0,140.0,74,415.16955,25.0,191.2491
9.4,78.7,18,25.34,84.03,0.03,340,318,38,308,352,307,277,200,73,295,356,698.0,137.0,73,430.85955,25.0,192.6191
9.4,78.8,9,25.34,84.03,0.03,364,286,44,317,319,313,318,187,63,305,366,578.0,132.0,70,421.76955,25.0,192.57909999999998
9.4,78.9,7,25.34,84.03,0.03,345,307,45,314,342,347,297,192,51,302,338,707.0,130.0,71,431.68955,25.0,192.3391
9.4,80.1,11,26.61,79.19,0.54,272,248,63,385,342,402,580,184,97,301,388,982.0,118.0,59,438.0019,25.0,183.7838
9.4,80.2,15,26.61,79.19,0.54,255,244,65,419,326,381,562,183,105,314,383,1081.0,121.0,58,441.6719,25.0,182.3538
9.4,80.3,12,26.61,79.19,0.54,264,239,60,381,355,400,421,163,118,308,382,682.0,130.0,61,418.2419,25.0,182.8538
9.4,80.4,15,26.64,79.84,1.26,296,226,50,384,320,363,462,196,106,303,364,584.0,134.0,62,411.8911,25.0,184.4622
9.4,80.5,12,26.64,79.84,1.26,293,245,56,377,329,350,486,173,117,308,383,621.0,135.0,61,415.8211,25.0,185.1622
9.4,80.6,20,26.64,79.84,1.26,302,278,65,385,314,391,652,187,107,313,390,1074.0,116.0,59,448.88109999999995,25.0,187.3622
9.5,76.5,1,28.33,75.18,1.66,309,178,61,316,375,463,426,191,91,358,409,497.0,115.0,53,405.0851,25.0,182.6002
9.5,76.6,65,23.54,84.8,0.06,303,167,52,342,355,361,313,153,141,330,411,289.0,119.0,53,387.8291,25.0,181.6782
9.5,76.7,100,23.54,84.8,0.06,305,141,56,380,315,343,285,152,156,319,394,337.0,118.0,53,387.1891,25.0,180.5182
9.5,76.8,87,23.54,84.8,0.06,315,162,55,374,311,371,328,179,196,337,401,348.0,110.0,53,391.90909999999997,25.0,182.2682
9.5,76.9,197,23.54,84.8,0.06,294,144,59,380,326,346,332,178,165,321,397,308.0,113.0,52,385.15909999999997,25.0,179.8582
9.5,77.0,446,23.54,84.8,0.06,304,158,54,367,329,417,406,178,101,315,385,457.0,108.0,52,398.6091,25.0,181.2582
9.5,77.1,1122,23.54,84.8,0.06,296,186,69,356,348,466,432,201,78,342,412,514.0,112.0,54,406.2391,25.0,182.1782
9.5,77.2,1084,21.91,86.16,0.0,345,163,70,346,310,506,565,200,106,320,406,629.0,103.0,53,415.04,25.0,184.42000000000002
9.5,77.3,1335,21.91,86.16,0.0,308,177,76,360,332,422,488,189,74,319,389,564.0,111.0,57,407.59000000000003,25.0,182.69
9.5,77.4,1387,21.91,86.16,0.0,346,174,75,325,329,534,502,204,73,307,403,761.0,102.0,54,425.15999999999997,25.0,185.07999999999998
9.5,77.5,187,21.91,86.16,0.0,314,226,55,429,257,345,376,173,71,266,353,397.0,131.0,65,401.32,25.0,185.88
9.5,77.6,154,21.91,86.16,0.0,326,250,45,460,214,335,344,167,103,275,362,338.0,140.0,66,401.17,25.0,187.96
9.5,77.7,124,21.91,86.16,0.0,375,276,36,385,240,299,283,163,100,273,333,292.0,147.0,71,403.73,25.0,192.89
9.5,77.8,101,21.91,86.16,0.0,358,280,35,391,251,298,283,168,72,288,358,313.0,152.0,71,404.25,25.0,191.9
9.5,77.9,94,24.59,84.21,0.0,352,304,35,379,268,291,286,163,77,279,330,281.0,150.0,75,404.46,25.0,192.84
9.5,78.0,89,24.59,84.21,0.0,352,302,43,367,281,291,294,183,96,277,342,326.0,143.0,76,406.89,25.0,192.78
9.5,78.1,96,24.59,84.21,0.0,398,453,42,345,257,300,325,213,82,306,389,285.0,150.0,79,425.95,25.0,203.67000000000002
9.5,78.2,68,24.59,84.21,0.0,369,345,38,359,271,284,267,181,80,293,354,370.0,140.0,76,415.67,25.0,196.12
9.5,78.3,50,24.59,84.21,0.0,375,287,49,385,240,301,264,171,85,281,362,422.0,140.0,72,412.88,25.0,193.48000000000002
9.5,78.4,51,24.59,84.21,0.0,371,323,37,361,268,301,259,186,73,304,363,301.0,145.0,76,409.53999999999996,25.0,195.16
9.5,78.5,46,25.34,84.03,0.03,367,271,36,372,261,304,233,177,74,292,371,324.0,144.0,72,404.60955,25.0,192.1191
9.5,78.6,36,25.34,84.03,0.03,335,284,37,351,315,297,278,184,61,274,364,427.0,142.0,72,409.89955,25.0,190.5291
9.5,78.7,24,25.34,84.03,0.03,341,316,37,340,319,305,273,179,82,299,369,480.0,138.0,73,417.54955,25.0,192.5891
9.5,78.8,17,25.34,84.03,0.03,321,316,38,328,351,292,270,197,68,309,346,594.0,134.0,73,422.59955,25.0,191.1891
9.5,78.9,3,25.34,84.03,0.03,363,338,43,310,327,340,282,186,56,325,364,374.0,137.0,75,416.35955,25.0,195.3091
9.5,79.7,4,26.61,79.19,0.54,326,297,51,355,319,364,391,190,82,321,384,612.0,,65,424.1419,25.0,190.2538
9.5,80.2,4,26.61,79.19,0.54,240,265,53,387,373,383,414,179,92,318,382,678.0,121.0,64,418.8419,25.0,182.5938
9.6,76.5,11,28.33,75.18,1.66,321,184,55,310,369,377,320,174,65,336,404,477.0,120.0,54,402.8351,25.0,183.7802
9.6,76.6,43,23.54,84.8,0.06,342,172,52,380,278,369,287,166,125,319,390,380.0,120.0,54,396.8291,25.0,184.69819999999999
9.6,76.7,123,23.54,84.8,0.06,299,151,60,385,316,354,369,171,122,325,398,405.0,113.0,53,392.3791,25.0,180.59820000000002
9.6,76.8,129,23.54,84.8,0.06,312,159,56,346,342,352,345,172,159,338,403,391.0,109.0,53,393.3491,25.0,181.9082
9.6,76.9,150,23.54,84.8,0.06,308,153,58,367,325,388,377,173,136,328,400,419.0,108.0,52,395.1391,25.0,181.28820000000002
9.6,77.0,1174,23.54,84.8,0.06,310,161,69,358,332,437,444,190,84,331,398,442.0,104.0,53,399.0591,25.0,181.8682
9.6,77.1,878,23.54,84.8,0.06,324,172,60,379,297,421,457,176,84,306,393,461.0,110.0,53,402.0191,25.0,183.3982
9.6,77.2,1019,21.91,86.16,0.0,348,170,69,355,297,451,441,192,76,299,404,465.0,106.0,54,404.57,25.0,185.01999999999998
9.6,77.3,1527,21.91,86.16,0.0,349,208,77,340,311,507,581,205,102,340,423,768.0,96.0,52,429.12,25.0,186.91
9.6,77.4,1003,21.91,86.16,0.0,345,232,64,384,271,404,467,164,105,304,353,577.0,119.0,60,416.93,25.0,188.15
9.6,77.5,733,21.91,86.16,0.0,311,211,79,414,276,433,464,186,136,316,387,624.0,119.0,60,415.72,25.0,184.72
9.6,77.6,233,21.91,86.16,0.0,297,217,57,422,280,360,387,161,134,297,361,399.0,127.0,64,399.65,25.0,184.2
9.6,77.7,134,21.91,86.16,0.0,336,253,41,435,230,323,283,161,96,266,351,338.0,146.0,70,401.75,25.0,188.97
9.6,77.8,112,21.91,86.16,0.0,332,263,41,441,227,306,273,165,96,279,355,316.0,150.0,72,400.78,25.0,189.27
9.6,77.9,112,24.59,84.21,0.0,337,313,42,383,280,294,279,167,104,273,341,356.0,146.0,75,409.08,25.0,192.24
9.6,78.0,102,24.59,84.21,0.0,364,303,43,353,283,328,323,168,99,285,332,298.0,148.0,75,407.31,25.0,193.63
9.6,78.1,85,24.59,84.21,0.0,374,329,36,369,258,311,315,185,81,302,372,302.0,149.0,75,410.86,25.0,195.63
9.6,78.2,70,24.59,84.21,0.0,355,373,44,364,281,286,286,180,77,304,364,294.0,148.0,77,413.52,25.0,196.57999999999998
9.6,78.3,71,24.59,84.21,0.0,346,332,38,368,286,296,266,179,65,298,355,291.0,150.0,76,408.12,25.0,193.86
9.6,78.4,61,24.59,84.21,0.0,352,317,37,368,280,307,261,179,65,285,359,275.0,148.0,77,406.08,25.0,193.57
9.6,78.5,58,25.34,84.03,0.03,347,265,36,377,275,292,249,170,56,289,349,419.0,140.0,74,407.76955,25.0,190.4991
9.6,78.6,40,25.34,84.03,0.03,333,248,36,393,273,302,259,173,75,287,352,329.0,143.0,72,399.70955000000004,25.0,188.5891
9.6,78.7,28,25.34,84.03,0.03,360,306,38,339,301,304,271,181,62,297,356,474.0,139.0,74,417.25955,25.0,193.4591
9.6,78.8,16,25.34,84.03,0.03,347,268,36,320,333,310,298,190,54,302,344,471.0,137.0,73,411.81955,25.0,190.6091
9.6,78.9,6,25.34,84.03,0.03,345,302,39,318,337,338,286,196,49,306,360,596.0,130.0,73,424.09955,25.0,192.16910000000001
9.6,80.3,12,26.61,79.19,0.54,264,260,56,422,315,353,483,180,98,311,386,611.0,104.0,63,415.0319,25.0,183.9838
9.7,76.3,11,28.33,75.18,1.66,301,188,59,367,332,400,401,179,67,325,389,413.0,110.0,57,398.6751,25.0,182.7002
9.7,76.5,1,28.33,75.18,1.66,322,213,56,331,348,413,347,184,77,343,385,429.0,115.0,53,404.6151,25.0,185.2602
9.7,76.6,32,23.54,84.8,0.06,288,178,52,383,329,371,366,167,123,336,396,324.0,119.0,54,390.4691,25.0,181.2182
9.7,76.7,26,23.54,84.8,0.06,302,155,56,408,290,346,381,155,131,326,401,396.0,115.0,53,392.28909999999996,25.0,181.0082
9.7,76.8,44,23.54,84.8,0.06,273,150,53,372,355,350,343,161,175,326,406,317.0,113.0,53,385.03909999999996,25.0,178.72820000000002
9.7,76.9,956,23.54,84.8,0.06,290,149,74,373,336,468,392,184,84,333,407,521.0,106.0,53,401.8891,25.0,179.8682
9.7,77.0,1006,23.54,84.8,0.06,300,163,76,367,333,452,463,183,95,325,402,442.0,105.0,54,399.0191,25.0,181.3082
9.7,77.1,1032,23.54,84.8,0.06,326,169,68,359,315,478,595,202,109,328,427,716.0,97.0,52,418.83910000000003,25.0,183.34820000000002
9.7,77.2,1105,21.91,86.16,0.0,335,151,60,346,319,389,403,200,95,316,398,386.0,117.0,54,394.78,25.0,183.16
9.7,77.3,404,21.91,86.16,0.0,314,220,47,417,269,348,365,155,80,290,386,412.0,141.0,60,401.74,25.0,185.38
9.7,77.4,1479,21.91,86.16,0.0,375,175,75,325,300,513,618,200,109,330,383,674.0,97.0,55,421.43,25.0,187.2
9.7,77.5,415,21.91,86.16,0.0,326,238,51,430,244,378,327,160,94,268,360,396.0,130.0,65,404.53,25.0,187.32
9.7,77.6,637,21.91,86.16,0.0,317,226,60,401,282,372,435,169,127,316,370,410.0,129.0,65,403.12,25.0,186.09
9.7,77.9,125,24.59,84.21,0.0,335,267,35,439,226,303,295,158,96,269,352,294.0,151.0,72,400.06,25.0,189.68
9.7,78.0,110,24.59,84.21,0.0,338,277,42,402,260,293,306,154,94,286,332,283.0,151.0,75,400.42,25.0,190.51
9.7,78.1,91,24.59,84.21,0.0,350,322,38,411,239,307,285,149,99,288,345,263.0,150.0,76,405.85,25.0,193.64000000000001
9.7,78.2,99,24.59,84.21,0.0,356,280,38,375,269,290,256,162,77,286,366,283.0,150.0,75,401.95,25.0,191.92000000000002
9.7,78.3,86,24.59,84.21,0.0,370,262,37,365,264,305,261,166,75,275,346,288.0,146.0,71,401.64,25.0,191.84
9.7,78.4,75,24.59,84.21,0.0,339,264,40,374,287,310,275,170,66,263,334,292.0,145.0,69,400.16,25.0,189.69
9.7,78.5,74,25.34,84.03,0.03,342,304,39,359,299,309,242,188,88,307,342,334.0,144.0,74,407.50955,25.0,192.0991
9.7,78.6,42,25.34,84.03,0.03,337,333,42,390,274,318,272,174,76,285,351,340.0,148.0,77,411.17955,25.0,193.3191
9.7,78.7,27,25.34,84.03,0.03,322,283,37,359,319,334,292,178,67,288,343,593.0,137.0,75,419.84955,25.0,189.6891
9.7,78.8,18,25.34,84.03,0.03,362,296,39,344,294,316,292,181,41,290,351,353.0,147.0,73,409.32955,25.0,193.0591
9.7,78.9,11,25.34,84.03,0.03,342,315,46,351,307,335,280,188,80,305,363,558.0,138.0,75,423.01955,25.0,192.6891
9.7,80.2,7,26.61,79.19,0.54,260,215,55,412,329,379,517,184,92,306,377,577.0,98.0,62,408.1219,25.0,181.4138
9.7,80.3,6,26.61,79.19,0.54,278,271,59,383,340,420,475,173,108,325,379,715.0,90.0,63,425.5819,25.0,185.5138
9.8,76.3,10,27.42,75.94,1.45,303,241,73,302,395,437,428,201,121,314,378,566.0,107.0,54,415.55825,25.0,185.37650000000002
9.8,76.4,4,27.42,75.94,1.45,318,236,55,364,319,382,421,182,73,325,382,459.0,117.0,55,407.90825,25.0,186.2165
9.8,76.5,52,27.42,75.94,1.45,310,165,57,376,314,375,299,170,151,321,394,443.0,120.0,53,397.71825,25.0,182.0265
9.8,76.6,154,22.04,84.56,0.0,347,156,57,372,280,368,386,169,148,319,394,486.0,115.0,53,401.62,25.0,184.21
9.8,76.7,66,22.04,84.56,0.0,304,151,57,403,293,373,375,159,204,325,400,334.0,112.0,53,389.03999999999996,25.0,180.95
9.8,76.8,670,22.04,84.56,0.0,326,161,63,374,300,472,434,190,83,329,418,595.0,112.0,53,410.41,25.0,182.99
9.8,77.0,948,22.04,84.56,0.0,302,183,74,369,329,460,461,181,79,340,406,468.0,108.0,53,403.39,25.0,182.41
9.8,77.1,775,22.04,84.56,0.0,355,178,61,350,295,396,389,181,124,319,384,410.0,116.0,54,401.07,25.0,185.91
9.8,77.2,924,20.45,85.99,0.0,328,170,59,372,300,432,428,193,117,300,409,409.0,116.0,53,399.27,25.0,183.57999999999998
9.8,77.3,441,20.45,85.99,0.0,304,258,41,409,286,341,318,151,86,268,356,550.0,134.0,64,413.55,25.0,186.74
9.8,77.4,401,20.45,85.99,0.0,317,255,40,419,264,305,280,147,88,295,354,280.0,138.0,66,396.76,25.0,187.57999999999998
9.8,77.5,345,20.45,85.99,0.0,315,246,48,413,272,360,331,176,129,288,356,357.0,129.0,65,401.84,25.0,186.95
9.8,77.6,461,20.45,85.99,0.0,325,267,47,422,252,347,323,167,109,282,359,353.0,131.0,65,404.43,25.0,188.70000000000002
9.8,77.7,320,20.45,85.99,0.0,336,269,46,412,251,336,298,170,123,273,357,412.0,133.0,63,408.71,25.0,189.49
9.8,77.8,173,20.45,85.99,0.0,302,277,41,445,253,293,274,160,107,301,331,329.0,147.0,72,400.75,25.0,187.87
9.8,77.9,137,23.52,84.62,0.0,291,277,37,486,223,296,256,148,127,263,337,388.0,143.0,75,403.52,25.0,187.22
9.8,78.0,116,23.52,84.62,0.0,332,320,39,446,222,306,241,134,98,292,345,290.0,152.0,73,406.03,25.0,192.16
9.8,78.1,130,23.52,84.62,0.0,338,283,36,455,207,275,282,156,86,263,344,295.0,150.0,73,401.38,25.0,190.73000000000002
9.8,78.2,108,23.52,84.62,0.0,361,294,41,380,259,308,249,172,76,277,355,303.0,148.0,71,405.84000000000003,25.0,192.81
9.8,78.3,102,23.52,84.62,0.0,363,235,43,356,281,315,303,173,81,300,347,314.0,141.0,68,399.86,25.0,189.88
9.8,78.4,85,23.52,84.62,0.0,311,249,48,360,329,333,265,175,79,283,340,323.0,143.0,68,398.98,25.0,186.94
9.8,78.5,79,24.59,84.52,0.0,325,292,39,360,315,305,218,171,81,279,322,328.0,147.0,73,404.43,25.0,190.27
9.8,78.6,58,24.59,84.52,0.0,331,296,43,359,310,333,263,182,77,309,331,347.0,144.0,75,407.25,25.0,190.97
9.8,78.7,41,24.59,84.52,0.0,343,293,41,389,268,315,233,178,72,280,328,332.0,145.0,75,406.29,25.0,191.66
9.8,78.8,32,24.59,84.52,0.0,356,320,41,375,269,330,251,176,72,305,355,335.0,146.0,78,410.98,25.0,194.04
9.8,78.9,26,24.59,84.52,0.0,336,295,40,373,291,320,280,175,60,288,355,507.0,133.0,74,416.72,25.0,191.23000000000002
9.8,80.0,12,26.73,77.44,0.36,291,265,61,388,320,388,487,203,88,314,390,648.0,136.0,63,420.7946,25.0,186.1292
9.8,80.1,8,26.73,77.44,0.36,296,249,59,375,329,385,522,190,95,315,396,652.0,132.0,62,419.4046,25.0,185.6392
9.9,76.4,7,27.42,75.94,1.45,305,180,52,389,306,374,359,174,94,319,386,341.0,125.0,53,393.01824999999997,25.0,182.4265
9.9,76.5,42,27.42,75.94,1.45,310,184,51,401,289,371,358,176,134,322,389,359.0,117.0,54,394.80825,25.0,183.0165
9.9,76.6,87,22.04,84.56,0.0,301,151,54,417,283,358,439,168,132,331,398,543.0,112.0,53,400.91999999999996,25.0,180.74
9.9,76.8,47,22.04,84.56,0.0,331,157,58,329,340,351,521,161,207,342,408,346.0,112.0,53,391.71,25.0,183.14
9.9,76.9,741,22.04,84.56,0.0,319,156,63,360,321,446,426,182,92,329,400,387.0,110.0,54,396.03,25.0,182.29000000000002
9.9,77.0,791,22.04,84.56,0.0,300,155,61,399,300,417,465,184,102,327,392,448.0,112.0,52,397.43,25.0,180.83
9.9,77.1,743,22.04,84.56,0.0,339,167,56,380,281,410,441,193,119,340,395,418.0,111.0,53,399.56,25.0,184.2
9.9,77.2,1162,20.45,85.99,0.0,341,183,64,314,345,477,515,201,75,313,410,450.0,109.0,54,405.52,25.0,185.18
9.9,77.3,397,20.45,85.99,0.0,302,255,43,381,318,325,324,143,74,281,364,482.0,132.0,67,408.4,25.0,186.57
9.9,77.4,342,20.45,85.99,0.0,298,270,48,428,273,321,296,158,73,320,382,353.0,139.0,67,402.06,25.0,187.04
9.9,77.5,313,20.45,85.99,0.0,310,251,38,440,250,297,291,158,75,289,353,329.0,140.0,68,398.43,25.0,186.97
9.9,77.6,380,20.45,85.99,0.0,318,265,45,427,254,323,257,168,88,286,370,321.0,135.0,68,400.96999999999997,25.0,188.23000000000002
9.9,77.7,248,20.45,85.99,0.0,336,243,48,429,235,343,246,156,86,285,357,317.0,135.0,68,399.95,25.0,188.39
9.9,77.8,191,20.45,85.99,0.0,306,256,39,434,260,286,265,144,86,291,354,280.0,151.0,71,395.39,25.0,187.06
9.9,77.9,151,23.52,84.62,0.0,315,305,42,414,271,304,255,151,94,264,352,291.0,151.0,74,403.01,25.0,190.26
9.9,78.0,154,23.52,84.62,0.0,242,155,28,658,100,262,242,106,153,210,280,252.0,169.0,78,376.18,21.23,177.81
9.9,78.2,125,23.52,84.62,0.0,336,303,36,412,252,281,236,159,88,269,346,289.0,149.0,75,403.4,25.0,191.67000000000002
9.9,78.3,118,23.52,84.62,0.0,354,297,36,387,260,270,250,168,79,272,342,271.0,149.0,73,402.59000000000003,25.0,192.55
9.9,78.4,103,23.52,84.62,0.0,327,272,33,378,295,280,266,176,88,276,333,276.0,147.0,71,398.36,25.0,189.32999999999998
9.9,78.5,98,24.59,84.52,0.0,325,251,35,377,298,291,233,164,101,292,312,339.0,148.0,70,399.84000000000003,25.0,188.1
9.9,78.6,94,24.59,84.52,0.0,336,322,34,362,302,288,274,168,91,283,332,303.0,149.0,72,406.82000000000005,25.0,192.5
9.9,78.7,59,24.59,84.52,0.0,293,280,37,400,308,315,248,168,98,285,340,332.0,149.0,73,401.29,25.0,187.43
9.9,78.8,48,24.59,84.52,0.0,331,260,39,366,303,321,262,182,63,277,356,307.0,144.0,73,400.23,25.0,189.09
9.9,78.9,32,24.59,84.52,0.0,351,292,38,383,266,331,301,173,58,270,362,345.0,141.0,75,407.99,25.0,192.17000000000002
9.9,79.0,18,24.59,84.52,0.0,329,321,41,349,322,331,333,183,58,307,365,423.0,139.0,73,414.67,25.0,192.0
9.9,79.1,6,25.92,81.36,0.07,374,344,48,312,314,353,337,199,72,295,381,443.0,136.0,72,422.46895,25.0,196.2579
10.0,76.4,5,27.42,75.94,1.45,297,190,51,406,297,366,306,172,171,326,385,427.0,123.0,53,398.57825,25.0,182.3665
10.0,76.5,38,27.42,75.94,1.45,312,196,48,399,288,354,339,156,133,327,389,376.0,118.0,54,396.89825,25.0,183.75650000000002
10.0,76.6,20,22.04,84.56,0.0,287,165,55,419,294,346,346,159,128,327,386,343.0,116.0,53,389.26,25.0,180.46
10.0,76.7,43,22.04,84.56,0.0,312,155,58,367,321,356,427,160,124,323,391,415.0,117.0,53,394.43,25.0,181.71
10.0,76.8,196,22.04,84.56,0.0,306,147,60,344,350,390,500,167,148,340,388,455.0,108.0,53,396.47,25.0,180.89000000000001
10.0,76.9,569,22.04,84.56,0.0,372,178,66,352,276,424,682,202,180,318,409,521.0,110.0,55,409.73,25.0,187.14000000000001
10.0,77.0,637,22.04,84.56,0.0,325,151,58,412,264,378,440,188,113,338,398,456.0,112.0,53,397.98,25.0,182.42000000000002
10.0,77.1,924,22.04,84.56,0.0,347,159,62,335,318,411,405,188,112,315,397,417.0,111.0,54,399.1,25.0,184.4
10.0,77.2,1204,20.45,85.99,0.0,350,187,67,321,329,425,446,206,93,322,410,489.0,110.0,54,407.40999999999997,25.0,186.01
10.0,77.3,726,20.45,85.99,0.0,290,249,64,401,308,376,392,160,159,301,373,551.0,127.0,65,412.57,25.0,185.35
10.0,77.4,327,20.45,85.99,0.0,325,251,52,450,224,336,315,158,113,289,371,295.0,135.0,65,398.7,25.0,187.9
10.0,77.5,287,20.45,85.99,0.0,355,250,45,418,227,313,279,170,79,296,367,379.0,140.0,65,405.03,25.0,189.95
10.0,77.6,290,20.45,85.99,0.0,296,264,38,467,237,295,225,159,113,309,350,306.0,142.0,71,397.48,25.0,186.76
10.0,77.7,428,20.45,85.99,0.0,305,255,48,439,257,341,294,168,139,283,367,378.0,131.0,67,402.84999999999997,25.0,186.78
10.0,77.8,215,20.45,85.99,0.0,298,242,39,446,256,293,229,149,79,271,370,270.0,146.0,70,392.79,25.0,185.76
10.0,77.9,184,23.52,84.62,0.0,302,246,38,426,271,297,239,159,119,273,354,298.0,151.0,71,395.32,25.0,186.28
10.0,78.0,158,23.52,84.62,0.0,270,240,41,420,310,292,271,161,101,293,361,320.0,145.0,68,393.62,25.0,183.62
10.0,78.1,160,23.52,84.62,0.0,318,311,47,407,276,305,264,163,80,262,364,280.0,147.0,71,403.4,25.0,190.65
10.0,78.2,151,23.52,84.62,0.0,319,327,38,397,284,279,244,166,118,278,369,263.0,150.0,72,403.56,25.0,191.56
10.0,78.3,134,23.52,84.62,0.0,327,294,35,390,283,288,259,169,98,275,337,293.0,147.0,72,402.23,25.0,190.47
10.0,78.4,138,23.52,84.62,0.0,334,310,47,356,310,331,299,175,110,263,332,351.0,143.0,69,409.5,25.0,191.64
10.0,78.5,100,24.59,84.52,0.0,353,290,45,363,284,312,291,176,84,274,335,361.0,148.0,70,408.43,25.0,192.01
10.0,78.6,89,24.59,84.52,0.0,353,282,35,379,268,291,246,171,85,288,333,311.0,147.0,72,403.78,25.0,191.69
10.0,78.7,67,24.59,84.52,0.0,333,258,38,375,292,320,249,177,75,269,337,332.0,144.0,73,401.6,25.0,189.13
10.0,78.8,63,24.59,84.52,0.0,342,262,40,384,274,316,242,172,71,269,338,347.0,144.0,74,403.46,25.0,190.0
10.0,78.9,40,24.59,84.52,0.0,389,361,39,369,242,328,235,183,53,304,362,413.0,148.0,82,422.71000000000004,25.0,198.56
10.0,79.0,26,24.59,84.52,0.0,400,374,42,328,272,308,304,177,66,303,361,371.0,144.0,80,421.98,25.0,199.9
10.0,79.1,17,25.92,81.36,0.07,356,327,48,340,304,327,394,195,78,292,366,323.0,140.0,70,411.24895000000004,25.0,194.0679
10.0,79.2,7,25.92,81.36,0.07,354,275,47,304,342,330,366,209,60,303,369,484.0,,69,414.64895,25.0,191.2879
12.7,79.7,71,24.85,76.75,0.22,341,284,38,353,306,260,277,169,64,261,377,286.0,140.0,71,400.7767,25.0,190.9034
13.8,78.6,763,21.13,78.54,0.0,312,216,53,462,226,278,183,167,186,318,351,343.0,130.0,69,394.61,25.0,185.4
13.8,78.8,464,21.13,78.54,0.0,366,271,33,383,252,220,150,163,79,281,373,253.0,141.0,71,397.79,25.0,192.01
13.8,79.0,459,21.13,78.54,0.0,320,282,37,417,263,248,159,167,164,298,374,240.0,140.0,68,396.03999999999996,25.0,189.22
13.8,79.1,504,21.56,84.9,0.0,310,278,36,391,299,249,205,163,141,288,380,250.0,142.0,70,395.43,25.0,188.4
13.8,79.2,978,21.56,84.9,0.0,299,285,65,448,253,343,327,176,196,327,352,403.0,117.0,63,407.71,25.0,187.70000000000002
13.8,79.4,302,21.56,84.9,0.0,340,278,63,389,271,290,354,161,173,282,383,332.0,130.0,63,403.89,25.0,190.22
14.0,76.9,611,23.88,58.47,0.0,392,259,26,342,266,204,146,151,70,297,389,165.0,148.0,71,392.40999999999997,25.0,193.23000000000002
14.0,78.0,593,22.21,68.99,0.0,301,204,33,487,212,224,121,120,158,252,359,317.0,140.0,69,389.22,25.0,184.03
