Latitude,Longitude,Elevation,Mean Temperature,Humidity,Rainfall,clay,cec,ocs,sand,silt,ocd,nitrogen,wv1500,cfvo,wv0033,wv0010,soc,bdod,phh2o,phosphorus,potassium
8.2,93.5,20,28.44,81.54,2.5,26.7,19.3,65,44.4,28.9,424,492,148,92,330,361,0.558,81000.0,5.4,10.575290621043276,103.54290260986863
8.3,77.1,27,25.78,81.53,0.15,32.7,24.5,57,36.7,30.6,356,461,191,110,284,370,0.528,135000.0,6.1,13.166260447148742,119.67228767945825
8.3,77.2,37,23.03,89.67,0.0,29.6,18.6,50,40.1,30.3,311,426,186,65,278,379,0.408,134000.0,5.6,11.235435887688363,101.59989220522348
8.3,77.3,99,23.03,89.67,0.0,35.0,21.0,54,36.4,28.6,339,426,195,135,278,355,0.514,135000.0,5.7,11.563227504638654,111.09159755651142
8.3,77.4,105,23.03,89.67,0.0,35.4,21.4,58,35.2,29.4,366,482,178,133,270,378,0.526,126000.0,5.8,11.985616490817524,112.44803662446614
8.3,77.5,282,23.03,89.67,0.0,36.1,20.5,63,35.7,28.2,406,462,179,117,290,375,0.51,120000.0,5.7,11.486324423111135,110.15203333836592
8.3,77.6,80,23.03,89.67,0.0,34.7,27.2,43,36.8,28.5,328,250,167,53,269,366,0.268,141000.0,6.4,12.923613261231296,125.05595051103349
8.3,77.7,49,23.03,89.67,0.0,33.1,24.7,38,39.9,26.9,274,244,160,77,281,351,0.432,141000.0,7.0,12.671161910601874,119.46354472236422
8.3,77.8,20,23.03,89.67,0.0,32.0,28.3,43,37.1,30.9,297,256,176,63,294,348,0.639,145000.0,6.8,13.649999520234365,130.62817485987114
8.3,77.9,23,25.88,86.21,0.12,28.3,23.9,36,37.9,33.8,274,224,168,124,304,348,0.422,138000.0,6.9,13.26207562915218,115.11519975738929
8.3,79.9,13,26.08,86.28,14.32,26.7,21.1,70,45.6,27.8,384,525,196,99,314,334,0.766,122000.0,5.9,13.387351180678206,109.89246011561326
8.3,80.0,52,26.08,86.28,14.32,25.7,16.0,55,56.2,18.1,336,485,192,87,301,347,0.568,125000.0,5.7,12.251671669198796,94.55530026859799
8.3,80.1,94,26.08,86.28,14.32,30.0,18.0,57,49.8,20.2,351,408,194,105,311,344,0.481,129000.0,5.8,12.259137434672446,100.77975216371021
8.3,80.2,98,26.08,86.28,14.32,27.1,20.7,54,50.6,22.3,354,321,181,86,319,324,0.407,136000.0,6.0,13.03245771921257,106.09973150137898
8.3,80.3,87,26.08,86.28,14.32,25.3,16.6,53,53.2,21.4,358,373,189,89,301,354,0.393,135000.0,6.1,13.409503900415038,94.638517010113
8.3,80.4,94,25.19,90.88,20.32,28.0,18.6,59,49.6,22.4,368,369,176,107,317,347,0.364,138000.0,6.0,12.877853850320822,100.5973205599321
8.3,80.5,113,25.19,90.88,20.32,30.0,18.1,52,48.2,21.8,324,352,173,95,306,361,0.371,133000.0,5.9,12.42581678207019,100.11578020682511
8.3,80.6,119,25.19,90.88,20.32,27.9,17.2,54,45.8,26.3,356,514,181,124,311,348,0.428,129000.0,5.8,12.294204843377218,97.44633164947867
8.3,80.7,120,25.19,90.88,20.32,28.0,20.9,55,42.3,29.7,355,475,200,149,310,378,0.403,128000.0,5.9,12.626095110850033,106.95304905424156
8.3,80.8,129,25.19,90.88,20.32,29.4,21.7,57,40.2,30.4,391,517,209,165,311,378,0.515,130000.0,5.9,12.754253325969259,110.6389478891419
8.3,80.9,217,25.19,90.88,20.32,32.6,20.2,65,34.4,33.0,372,628,198,188,308,387,0.821,111000.0,5.7,12.205966908389765,110.31828706870257
8.3,81.0,48,26.88,83.72,17.2,33.6,19.9,53,33.4,33.0,372,508,200,114,306,386,0.653,130000.0,5.9,12.71436978959391,108.66965343527785
8.3,81.1,30,26.88,83.72,17.2,35.6,26.0,58,33.9,30.5,361,466,204,89,303,391,0.555,130000.0,6.2,13.227217656843003,125.31471745196062
8.3,81.2,21,26.88,83.72,17.2,28.3,27.4,64,36.3,35.4,398,693,205,93,316,371,0.95,115000.0,5.8,13.14555386005666,128.99207104517663
8.3,81.3,18,26.88,83.72,17.2,30.8,25.0,58,36.5,32.6,395,615,185,104,312,360,0.569,126000.0,6.2,13.605265773418274,120.53029403880379
8.3,93.1,20,28.41,80.53,2.08,28.2,16.0,54,48.7,23.1,402,495,151,54,320,364,0.568,120000.0,5.2,9.306348570034013,95.46787876816626
8.4,77.0,20,25.78,81.53,0.15,33.2,23.0,58,38.8,28.0,366,440,202,141,318,395,0.475,135000.0,5.7,11.608767370217564,115.37021997256518
8.4,77.1,28,25.78,81.53,0.15,31.6,26.8,61,35.0,33.4,384,488,184,91,319,375,0.478,136000.0,5.6,11.23951653179581,124.84218747206558
8.4,77.2,66,23.03,89.67,0.0,33.6,19.2,55,38.7,27.7,348,384,195,104,284,375,0.424,130000.0,5.5,10.520072733693555,104.890711259478
8.4,77.3,80,23.03,89.67,0.0,35.5,22.1,51,35.0,29.5,364,439,193,146,287,360,0.409,124000.0,5.7,11.343663807730223,113.30849416814672
8.4,77.4,129,23.03,89.67,0.0,35.6,22.3,63,34.5,29.9,394,466,182,153,293,369,0.487,132000.0,6.0,12.606655984423252,114.6246500903398
8.4,77.5,603,23.03,89.67,0.0,31.5,18.6,80,34.3,34.2,474,483,206,122,297,386,0.683,112000.0,5.6,11.578263725402488,104.52261093209796
8.4,77.6,115,23.03,89.67,0.0,34.0,24.8,49,37.8,28.2,303,272,178,106,290,342,0.492,137000.0,6.6,13.471378608758823,120.72514471680444
8.4,77.7,59,23.03,89.67,0.0,36.6,26.6,41,37.9,25.6,283,234,163,107,291,343,0.454,144000.0,6.9,12.742535605869582,126.40758915625716
8.4,77.8,39,23.03,89.67,0.0,33.4,28.0,41,38.3,28.4,294,265,174,65,283,338,0.513,146000.0,7.1,12.478089252207683,129.2728006412532
8.4,77.9,57,25.88,86.21,0.12,29.3,26.5,42,40.2,30.6,292,231,166,114,289,342,0.633,135000.0,7.0,13.323175499837605,124.42657829387011
8.4,78.0,14,25.88,86.21,0.12,32.4,24.4,48,34.8,32.8,286,204,168,92,302,356,0.377,146000.0,6.9,12.877552831724728,117.79550943193495
8.4,79.9,35,26.08,86.28,14.32,28.9,20.9,64,41.6,29.5,342,474,188,111,308,334,0.573,126000.0,6.0,13.240313287364783,108.79339474152506
8.4,80.0,74,26.08,86.28,14.32,30.2,18.0,52,46.6,23.2,370,442,190,115,316,340,0.513,125000.0,5.8,12.305597090589247,101.11318251439852
8.4,80.1,80,26.08,86.28,14.32,26.1,17.8,59,49.7,24.1,361,457,193,97,309,343,0.523,126000.0,5.8,12.594939445260248,99.09371089487279
8.4,80.2,83,26.08,86.28,14.32,26.2,21.7,55,50.4,23.4,337,307,171,77,307,348,0.353,135000.0,6.0,12.976294669124883,107.82268483448179
8.4,80.3,87,26.08,86.28,14.32,28.9,19.5,52,47.8,23.3,356,351,167,96,305,355,0.417,135000.0,5.8,12.207367678128252,103.7712077757327
8.4,80.4,79,25.19,90.88,20.32,24.5,24.4,64,47.7,27.9,358,360,183,97,291,348,0.446,134000.0,5.9,12.949807685467375,114.96523380517384
8.4,80.5,104,25.19,90.88,20.32,29.4,16.5,60,48.0,22.6,347,399,185,88,312,344,0.484,130000.0,5.9,12.694534101490044,96.6043305662071
8.4,80.6,105,25.19,90.88,20.32,29.7,18.4,50,44.3,25.9,361,460,177,119,318,353,0.444,130000.0,5.7,11.772970344427259,101.4179141627194
8.4,81.3,9,26.88,83.72,17.2,27.7,26.8,52,35.1,37.2,421,642,184,93,327,376,0.669,123000.0,6.3,14.19053363740318,124.78608079233514
8.5,77.1,67,25.78,81.53,0.15,32.8,21.4,62,38.5,28.7,386,421,214,159,290,373,0.489,127000.0,5.5,10.674376161424595,111.03557559348833
8.5,77.2,136,23.03,89.67,0.0,32.2,20.5,56,36.3,31.5,402,441,200,104,280,383,0.389,126000.0,5.7,11.512269738212435,107.47971105625523
8.5,77.3,127,23.03,89.67,0.0,33.9,21.1,63,37.7,28.3,375,441,199,133,289,370,0.44,123000.0,5.8,11.92629625593382,110.24556127564674
8.5,77.4,1324,23.03,89.67,0.0,35.2,18.7,70,35.3,29.5,502,553,188,74,344,421,0.872,106000.0,5.3,9.928767744824091,107.58471738542696
8.5,77.5,406,23.03,89.67,0.0,31.2,20.1,67,45.0,23.9,393,442,177,108,300,375,0.542,126000.0,5.7,11.854102079317093,107.3475798018862
8.5,77.6,111,23.03,89.67,0.0,37.2,25.0,46,37.1,25.7,295,278,163,91,286,352,0.374,141000.0,6.7,12.896198428618892,121.51199841998775
8.5,77.7,80,23.03,89.67,0.0,37.3,27.9,42,38.1,24.6,298,275,173,75,284,339,0.308,147000.0,6.9,12.385943321448812,128.6248074542096
8.5,77.8,55,23.03,89.67,0.0,30.0,25.7,37,41.4,28.6,317,231,172,106,295,336,0.532,143000.0,7.2,12.353623803293525,121.68984147872328
8.5,77.9,33,25.88,86.21,0.12,33.5,25.3,37,42.6,23.8,276,246,163,101,290,342,0.494,151000.0,7.3,11.623585498759805,121.86363913016284
8.5,78.0,16,25.88,86.21,0.12,26.8,23.4,36,41.3,31.9,284,189,162,71,291,327,0.759,137000.0,7.1,13.368672323442825,116.03297899521522
8.5,78.1,12,25.88,86.21,0.12,31.8,20.1,47,36.4,31.7,305,224,182,69,313,357,0.449,145000.0,6.8,13.290140813224701,106.79741430558445
8.5,79.9,21,26.08,86.28,14.32,29.2,25.1,62,42.9,27.9,340,483,183,122,310,332,0.711,122000.0,5.9,13.11968141193833,121.29739942339256
8.5,80.0,50,26.08,86.28,14.32,28.3,20.4,55,44.2,27.6,317,439,199,125,314,355,0.491,126000.0,5.9,12.7827746568643,106.53845181071397
8.5,80.1,46,26.08,86.28,14.32,28.2,16.9,54,47.5,24.2,343,451,171,125,300,342,0.502,124000.0,5.8,12.417023781584296,97.35656679879682
8.5,80.2,52,26.08,86.28,14.32,28.7,16.3,54,47.1,24.2,359,324,178,80,301,353,0.39,133000.0,5.8,12.166306717332686,95.07210561013014
8.5,80.3,59,26.08,86.28,14.32,26.5,17.8,52,48.9,24.6,354,428,184,100,310,346,0.493,131000.0,5.8,12.511940143144216,99.01201772521416
8.5,80.4,71,25.19,90.88,20.32,29.9,19.5,58,46.4,23.7,346,344,181,101,299,345,0.428,133000.0,5.9,12.5498238099675,104.26341410856193
8.5,80.5,91,25.19,90.88,20.32,28.4,19.2,51,48.9,22.7,362,395,184,108,322,346,0.412,131000.0,5.8,12.229924937194276,102.74319381578587
8.5,80.6,114,25.19,90.88,20.32,27.4,17.0,53,45.4,27.2,356,503,184,123,304,349,0.47,128000.0,5.8,12.408794222758948,97.07249329849694
8.5,80.7,117,25.19,90.88,20.32,28.0,18.8,66,44.7,27.3,379,650,189,138,310,356,0.547,117000.0,5.7,12.067436002962378,102.65041258949553
8.5,80.8,84,25.19,90.88,20.32,27.6,20.1,57,41.1,31.2,378,586,199,123,309,364,0.537,128000.0,5.9,12.91889164758516,105.84592056620693
8.5,80.9,144,25.19,90.88,20.32,29.8,21.6,60,32.7,37.5,374,603,204,197,323,399,0.665,115000.0,5.7,12.150348672829233,111.78179504856072
8.5,81.0,93,26.88,83.72,17.2,31.8,25.5,61,29.9,38.2,385,596,200,133,308,394,0.694,115000.0,5.9,12.909248911480761,123.44058000895043
8.5,81.1,12,26.88,83.72,17.2,37.8,24.6,50,28.9,33.3,372,513,208,122,306,381,0.529,131000.0,6.1,12.803153042248844,122.25004447230677
8.5,81.3,9,26.88,83.72,17.2,23.9,30.0,57,38.7,37.3,389,663,179,107,318,379,0.825,120000.0,6.1,14.349972023853454,132.75678551988977
8.6,76.9,66,25.78,81.53,0.15,32.0,22.7,59,35.7,32.3,377,371,203,161,303,392,0.407,132000.0,5.4,10.044388494716516,113.40781787635709
8.6,77.1,92,25.78,81.53,0.15,34.4,24.4,61,37.0,28.7,399,416,203,141,309,383,0.419,124000.0,5.5,10.465637473824188,119.11066816800492
8.6,77.2,399,23.03,89.67,0.0,32.9,21.0,64,40.2,26.9,400,479,186,100,291,383,0.465,123000.0,5.6,11.138108238757438,109.79123962742423
8.6,77.3,624,23.03,89.67,0.0,34.0,18.8,70,37.5,28.5,521,429,207,88,280,409,0.661,101000.0,5.3,9.736113155769182,105.89219492865924
8.6,77.4,560,23.03,89.67,0.0,33.4,20.7,70,39.2,27.4,459,491,179,119,290,359,0.779,108000.0,5.4,10.506875488276856,111.72241717008316
8.6,77.5,350,23.03,89.67,0.0,31.6,18.4,60,44.0,24.4,391,395,177,138,262,365,0.434,120000.0,5.7,11.634788185435246,102.06566033637304
8.6,77.6,88,23.03,89.67,0.0,34.9,22.9,42,38.3,26.8,287,253,173,90,290,348,0.306,144000.0,6.6,12.999366787331693,114.15569844184344
8.6,77.7,64,23.03,89.67,0.0,33.2,27.3,44,37.9,29.0,262,268,170,90,306,358,0.33,147000.0,6.9,12.718569685284393,125.3417662354139
8.6,77.8,43,23.03,89.67,0.0,29.8,24.7,35,43.4,26.8,287,209,163,83,294,339,0.602,137000.0,7.2,12.491682359185655,119.56726113713658
8.6,77.9,16,25.88,86.21,0.12,35.3,26.7,43,34.2,30.5,293,215,182,56,291,358,0.357,146000.0,6.8,12.842844552784134,125.0293913559498
8.6,78.0,8,25.88,86.21,0.12,34.1,23.9,44,34.4,31.5,308,225,179,61,312,375,0.454,143000.0,6.9,12.91944974330761,117.98064656045149
8.6,80.0,38,26.08,86.28,14.32,31.6,19.3,66,41.8,26.5,339,470,204,128,293,352,0.543,124000.0,5.8,12.267531145029496,105.3731638303373
8.6,80.1,67,26.08,86.28,14.32,28.5,19.6,56,46.5,25.0,360,485,175,137,311,353,0.552,126000.0,5.7,12.044209410414952,105.00751234976566
8.6,80.2,77,26.08,86.28,14.32,25.9,19.2,67,48.5,25.6,399,499,181,134,321,355,0.671,123000.0,5.8,12.872660650237162,103.81553142165993
8.6,80.3,59,26.08,86.28,14.32,27.7,19.4,66,46.8,25.5,372,490,174,113,305,356,0.558,127000.0,5.6,11.614153750876389,104.20557464679615
8.6,80.4,84,25.19,90.88,20.32,29.7,17.8,50,45.9,24.5,372,425,174,111,316,352,0.475,129000.0,5.7,11.830228230296207,100.08668909853978
8.6,80.5,117,25.19,90.88,20.32,27.0,21.0,64,46.6,26.4,362,612,174,161,305,350,0.609,122000.0,5.7,12.238853210556293,108.55903985862243
8.6,80.6,123,25.19,90.88,20.32,27.8,17.6,59,44.2,28.0,384,536,178,159,310,354,0.548,126000.0,5.9,12.92600100002588,99.40714201885238
8.6,80.7,100,25.19,90.88,20.32,28.4,19.5,60,43.0,28.7,388,641,184,143,312,356,0.68,119000.0,5.8,12.7190835667861,105.6855188081155
8.6,80.8,112,25.19,90.88,20.32,29.2,22.5,61,31.7,39.1,384,593,208,183,334,386,0.761,116000.0,5.8,12.79701232890586,114.6903049917298
8.6,80.9,59,25.19,90.88,20.32,30.8,20.7,64,34.0,35.3,354,619,198,146,306,376,0.682,117000.0,5.7,12.112549537410798,109.91010537953352
8.6,81.0,55,26.88,83.72,17.2,34.3,21.8,57,31.3,34.4,367,562,210,111,301,384,0.657,117000.0,5.9,12.672552073866255,114.17538774914233
8.6,81.1,65,26.88,83.72,17.2,34.6,24.8,61,27.6,37.7,393,586,204,154,303,381,0.791,117000.0,5.9,12.870098772878508,123.62710241513962
8.6,81.2,10,26.88,83.72,17.2,33.2,29.7,55,31.3,35.6,374,634,200,105,311,389,0.743,130000.0,6.2,13.746945578588692,136.00035172605902
8.7,76.8,19,25.78,81.53,0.15,35.5,21.8,61,37.8,26.7,431,341,188,111,330,390,0.469,126000.0,5.3,9.3930098563008,113.06340381742352
8.7,76.9,69,25.78,81.53,0.15,32.1,23.2,58,38.2,29.7,360,412,199,133,312,401,0.327,123000.0,5.3,9.347416744047228,113.97351970054531
8.7,77.0,72,25.78,81.53,0.15,33.5,20.3,58,36.8,29.7,380,385,199,128,334,402,0.329,122000.0,5.3,9.279775402297366,106.90274023125703
8.7,77.1,123,25.78,81.53,0.15,33.1,20.4,61,39.1,27.9,393,431,206,107,313,385,0.414,123000.0,5.6,11.036018980007778,107.80813622022553
8.7,77.2,1278,23.03,89.67,0.0,31.3,23.8,81,35.5,33.2,504,537,210,93,340,425,0.777,100000.0,5.2,9.410657121190724,119.26975096303882
8.7,77.3,462,23.03,89.67,0.0,31.3,16.1,58,39.9,28.8,408,441,177,116,290,376,0.411,125000.0,5.6,11.138789222166539,95.65833906470091
8.7,77.4,74,23.03,89.67,0.0,31.5,17.9,48,40.8,27.7,339,275,172,82,277,373,0.316,139000.0,5.9,12.209024209864284,99.66437450552164
8.7,77.5,67,23.03,89.67,0.0,37.5,22.8,41,35.8,26.7,275,232,147,103,269,352,0.493,142000.0,6.6,13.21527114376637,116.85495438312863
8.7,77.6,49,23.03,89.67,0.0,36.4,22.9,41,37.6,25.9,285,219,165,103,293,374,0.36,143000.0,6.5,13.045131263492705,115.3566691826586
8.7,77.8,33,23.03,89.67,0.0,33.8,25.3,32,41.7,24.5,258,198,169,77,292,342,0.416,,7.2,11.886871450019171,121.2219984909841
8.7,78.0,18,25.88,86.21,0.12,32.4,21.9,35,40.2,27.4,253,219,169,81,285,355,0.425,152000.0,7.5,10.590739185948927,111.62069110349174
8.7,80.0,30,26.08,86.28,14.32,34.1,20.5,59,41.5,24.4,329,446,201,137,294,361,0.536,125000.0,5.8,12.089402596134196,109.5562652937521
8.7,80.1,54,26.08,86.28,14.32,32.2,20.8,71,40.4,27.4,379,521,187,130,296,359,0.617,121000.0,5.7,11.91649725857383,110.25178560089589
8.7,80.2,39,26.08,86.28,14.32,31.1,19.6,59,43.2,25.8,378,467,196,125,306,372,0.599,122000.0,5.9,12.792931732774319,106.4251253193424
8.7,80.3,49,26.08,86.28,14.32,30.8,19.4,56,45.5,23.7,365,392,189,109,301,359,0.522,130000.0,5.9,12.67211916756142,105.15116152553851
8.7,80.4,78,25.19,90.88,20.32,30.9,22.5,58,44.9,24.2,352,368,173,139,305,355,0.46,132000.0,6.0,12.879986469927655,112.90697156412247
8.7,80.5,98,25.19,90.88,20.32,28.0,19.6,54,45.4,26.6,354,462,178,129,310,348,0.462,130000.0,5.8,12.354064122512632,104.06511566796831
8.7,80.6,109,25.19,90.88,20.32,25.9,20.2,58,45.7,28.3,388,621,182,149,321,358,0.676,124000.0,5.8,12.881181972024804,106.5012499023198
8.7,80.7,130,25.19,90.88,20.32,32.4,19.8,61,34.8,32.8,392,600,205,170,317,376,0.656,114000.0,5.7,11.966893262945788,107.93301043297102
8.7,80.8,63,25.19,90.88,20.32,32.2,22.3,57,31.4,36.4,354,600,216,121,320,386,0.604,120000.0,5.7,11.895028838632527,114.19636088653105
8.7,80.9,41,25.19,90.88,20.32,30.2,21.3,58,38.3,31.5,388,568,205,105,301,375,0.675,128000.0,5.8,12.589168213098544,111.2225831974917
8.7,81.0,35,26.88,83.72,17.2,35.1,22.0,52,29.8,35.2,374,563,211,188,305,386,0.594,121000.0,5.9,12.508401240527215,114.54018863566222
8.7,81.1,38,26.88,83.72,17.2,28.1,27.0,66,35.8,36.1,401,661,190,93,301,367,0.707,119000.0,6.0,13.54084105446504,125.8433380510214
8.8,76.8,62,24.42,83.04,0.22,33.8,17.8,57,39.7,26.5,361,332,173,164,338,399,0.295,116000.0,5.4,9.75644276021012,100.06976152294752
8.8,76.9,59,24.42,83.04,0.22,33.2,21.1,65,34.7,32.1,378,411,201,128,329,397,0.372,119000.0,5.3,9.36405648583542,109.32088906097748
8.8,77.0,124,24.42,83.04,0.22,34.5,20.8,62,35.7,29.8,394,508,195,140,329,404,0.407,123000.0,5.4,9.908408506069632,109.3825630458216
8.8,77.1,255,24.42,83.04,0.22,33.5,19.6,69,37.7,28.8,442,477,216,119,334,413,0.525,114000.0,5.3,9.577737481638282,106.79021536000008
8.8,77.3,146,22.88,87.38,0.0,30.5,19.1,56,39.4,30.1,413,425,175,139,272,372,0.442,128000.0,5.8,12.15202363170738,103.56360019194442
8.8,77.4,95,22.88,87.38,0.0,31.2,23.1,42,40.6,28.2,303,262,166,72,283,360,0.294,146000.0,6.2,12.98815726006974,112.97959939871504
8.8,77.5,90,22.88,87.38,0.0,33.6,25.1,35,39.9,26.4,254,224,162,78,288,343,0.284,142000.0,6.7,12.948486046751633,119.18277803674687
8.8,77.6,84,22.88,87.38,0.0,32.1,25.8,38,40.5,27.3,292,238,168,79,292,335,0.426,136000.0,6.8,13.220001773702192,121.88269667385839
8.8,77.7,73,22.88,87.38,0.0,31.2,25.9,35,38.9,29.9,250,204,164,87,293,346,0.276,147000.0,7.0,12.463562609961878,120.11523768449398
8.8,77.8,32,22.88,87.38,0.0,32.7,24.3,37,41.0,26.2,258,174,175,71,267,343,0.322,149000.0,7.2,11.76944764516633,117.08642775168205
8.8,77.9,59,25.22,85.14,0.01,32.4,30.3,42,42.9,24.6,276,195,181,87,283,338,0.246,150000.0,7.4,10.75572186532999,131.84505036334951
8.8,78.0,22,25.22,85.14,0.01,31.4,24.2,35,40.4,28.2,261,212,164,67,276,348,0.461,155000.0,7.7,9.593620706571729,117.65506070443993
8.8,78.1,11,25.22,85.14,0.01,31.4,20.5,38,38.7,29.9,252,175,187,86,296,354,0.463,143000.0,7.0,12.851341467858541,107.82370826370561
8.8,80.0,11,26.18,83.74,3.6,32.7,26.4,52,40.2,27.1,295,288,178,111,318,357,0.476,133000.0,6.1,13.063215173896548,124.26901532724717
8.8,80.1,21,26.18,83.74,3.6,28.1,22.1,51,42.3,29.5,341,304,174,108,312,354,0.419,131000.0,5.9,12.652385483308384,110.28293149360329
8.8,80.2,64,26.18,83.74,3.6,31.4,23.7,62,42.4,26.3,376,480,194,181,308,363,0.653,125000.0,5.8,12.471529819506078,118.03821722568182
8.8,80.3,84,26.18,83.74,3.6,28.2,19.8,54,45.2,26.6,363,489,175,172,311,353,0.618,124000.0,5.7,12.176576102846093,105.9371296755285
8.8,80.4,81,25.66,87.17,5.55,24.9,18.4,52,48.9,26.2,343,484,156,142,310,346,0.4,131000.0,5.8,12.432817346891273,99.19895104067255
8.8,80.5,89,25.66,87.17,5.55,25.5,17.0,58,49.5,24.9,359,498,162,117,319,350,0.549,126000.0,5.7,12.230901161533998,96.96669660192023
8.8,80.6,107,25.66,87.17,5.55,25.8,20.0,54,45.8,28.4,369,570,166,153,312,360,0.5,128000.0,5.9,12.970145307126794,104.55053720069259
8.8,80.7,91,25.66,87.17,5.55,31.4,22.4,63,33.2,35.4,384,559,203,182,319,385,0.67,118000.0,5.8,12.499870450546501,114.66460152889957
8.8,80.8,65,25.66,87.17,5.55,27.3,24.0,62,37.2,35.5,350,577,208,104,305,377,0.536,126000.0,6.0,13.281758960280042,115.99767731537662
8.8,80.9,27,25.66,87.17,5.55,26.8,22.8,65,40.2,33.0,379,622,203,121,284,376,0.572,119000.0,5.8,12.638564795102791,112.92716520414865
8.8,81.0,25,27.25,81.12,6.7,29.2,26.1,63,36.9,33.9,386,642,193,101,307,375,0.724,117000.0,6.0,13.491268904000652,124.09685024109058
8.8,81.1,4,27.25,81.12,6.7,24.0,29.7,57,34.8,41.2,435,670,181,98,314,385,0.596,93000.0,6.3,14.324979376514472,129.9537784587565
8.9,76.7,44,24.42,83.04,0.22,32.2,19.8,62,33.5,34.3,337,343,182,136,324,402,0.321,124000.0,5.3,9.332467143094641,104.98546998810542
8.9,76.8,85,24.42,83.04,0.22,34.4,18.0,56,36.6,29.0,351,358,174,121,336,400,0.363,112000.0,5.2,8.716804003705066,101.44999116875508
8.9,76.9,68,24.42,83.04,0.22,31.7,18.6,63,35.1,33.2,395,406,189,118,332,398,0.33,117000.0,5.3,9.372613969758403,101.71170679641656
8.9,77.0,297,24.42,83.04,0.22,34.0,18.3,65,38.1,27.8,465,457,202,98,320,389,0.466,111000.0,5.2,8.883602933815373,102.99322182023057
8.9,77.1,183,24.42,83.04,0.22,33.5,20.2,51,36.0,30.5,409,440,197,129,338,406,0.359,118000.0,5.4,9.8831463693251,106.92480713786088
8.9,77.2,783,22.88,87.38,0.0,33.9,21.0,68,37.0,29.1,490,520,197,102,310,384,0.59,114000.0,5.5,10.768847588840364,111.28015919733824
8.9,77.3,190,22.88,87.38,0.0,31.3,15.6,55,43.2,25.5,393,420,169,117,268,371,0.416,123000.0,5.7,11.619889404436332,94.37342123223999
8.9,77.4,140,22.88,87.38,0.0,28.5,20.8,42,45.2,26.3,306,271,157,51,267,348,0.29,140000.0,6.2,13.167655476749916,105.81923026852955
8.9,77.5,110,22.88,87.38,0.0,33.6,23.3,36,42.0,24.4,279,220,170,59,266,335,0.318,144000.0,6.6,13.120402511724091,114.7885293378112
8.9,77.6,83,22.88,87.38,0.0,33.6,23.3,39,40.2,26.2,278,216,172,94,269,325,0.275,144000.0,6.7,12.927055359636272,114.3284765130764
8.9,77.7,61,22.88,87.38,0.0,33.3,24.9,31,39.7,27.0,267,204,172,67,285,337,0.299,146000.0,7.0,12.37431328506401,118.68775536695892
8.9,77.8,52,22.88,87.38,0.0,30.0,26.4,38,43.6,26.4,267,190,162,78,283,343,0.392,145000.0,7.2,12.086175715843622,122.14866507738185
8.9,77.9,62,25.22,85.14,0.01,29.0,28.1,44,46.0,25.1,304,204,169,100,302,348,0.4,146000.0,7.4,11.256681556153273,126.22986223024999
8.9,78.0,48,25.22,85.14,0.01,31.3,24.2,40,44.8,23.9,303,214,163,72,285,346,0.59,,7.5,10.922042940277452,118.79825713940478
8.9,78.1,20,25.22,85.14,0.01,29.3,24.1,30,40.6,30.1,285,213,175,64,291,369,0.707,148000.0,7.2,12.702942766395845,118.62052630812217
8.9,80.0,10,26.18,83.74,3.6,27.6,27.4,50,44.1,28.3,311,315,165,91,318,356,0.521,130000.0,6.2,13.74288314264435,124.95931708384205
8.9,80.1,32,26.18,83.74,3.6,32.4,21.1,68,39.0,28.6,386,511,193,136,303,363,0.608,121000.0,5.8,12.32817601155951,111.07296308422082
8.9,80.2,48,26.18,83.74,3.6,35.5,21.9,53,35.1,29.4,353,406,210,168,317,354,0.535,126000.0,5.8,11.99493188050701,113.9279394486835
8.9,80.3,66,26.18,83.74,3.6,30.9,21.4,52,42.9,26.2,361,418,185,148,301,361,0.439,130000.0,5.7,11.688118294069259,109.79448777533591
8.9,80.4,69,25.66,87.17,5.55,29.2,19.8,59,41.8,29.0,370,510,184,141,316,361,0.552,121000.0,5.7,11.999403671244233,105.82000417033746
8.9,80.5,96,25.66,87.17,5.55,26.9,19.5,60,45.9,27.1,398,476,175,130,304,358,0.562,124000.0,5.7,12.164194885199835,104.18151033725786
8.9,80.6,101,25.66,87.17,5.55,28.2,19.7,62,43.5,28.3,368,599,189,129,322,357,0.512,118000.0,5.7,11.992461012360964,104.82673442568716
8.9,80.7,50,25.66,87.17,5.55,29.7,22.2,66,41.5,28.8,392,686,199,97,304,369,0.717,118000.0,5.9,13.094784879034831,113.76057503574096
8.9,80.8,36,25.66,87.17,5.55,29.0,21.4,57,35.3,35.7,373,633,205,106,312,374,0.599,122000.0,5.9,12.937705344982833,110.37903770242926
8.9,80.9,18,25.66,87.17,5.55,30.3,24.9,63,35.8,33.9,394,605,200,130,308,379,0.706,121000.0,5.9,13.034286012493354,121.22390044400028
8.9,81.0,6,27.25,81.12,6.7,25.4,29.6,58,35.1,39.5,394,731,183,78,315,384,0.623,106000.0,5.9,13.229841425819664,130.65622586235241
9.0,76.6,5,24.42,83.04,0.22,34.9,22.5,59,31.1,34.0,419,397,194,97,317,390,0.422,113000.0,5.4,9.910801079260404,114.25540484685962
9.0,76.7,47,24.42,83.04,0.22,32.2,13.7,53,36.9,30.8,350,314,170,143,333,395,0.334,116000.0,5.3,9.353828483033102,88.99989016675165
9.0,76.8,49,24.42,83.04,0.22,28.8,16.6,56,38.1,33.1,352,301,168,121,334,391,0.311,117000.0,5.3,9.487597797682952,95.22074746546885
9.0,76.9,88,24.42,83.04,0.22,34.6,19.9,65,34.2,31.2,432,467,206,164,332,397,0.396,114000.0,5.3,9.329935994169945,106.90896214360667
9.0,77.0,73,24.42,83.04,0.22,35.5,21.9,64,35.1,29.3,397,452,193,133,324,397,0.353,118000.0,5.3,9.216791010977593,112.22202008852207
9.0,77.1,335,24.42,83.04,0.22,33.2,21.9,62,37.6,29.2,444,401,203,97,320,382,0.441,116000.0,5.2,8.8874907647861,112.10636152519584
9.0,77.5,125,22.88,87.38,0.0,29.9,22.9,36,43.1,27.0,286,226,170,43,272,320,0.303,140000.0,6.5,13.381167563396412,111.99661635579497
9.0,77.6,119,22.88,87.38,0.0,32.4,23.0,38,42.5,25.2,284,219,163,106,283,326,0.453,137000.0,6.7,13.412559750571912,114.81788005261114
9.0,77.7,106,22.88,87.38,0.0,30.5,26.9,36,42.2,27.3,283,227,175,85,293,346,0.426,136000.0,6.9,13.115643105126926,124.05767071653267
9.0,77.8,81,22.88,87.38,0.0,35.3,24.4,37,40.8,23.8,274,209,173,87,294,356,0.459,144000.0,7.1,12.247051399906326,119.90894432666107
9.0,77.9,78,25.22,85.14,0.01,31.4,28.4,37,43.3,25.3,303,203,180,92,304,352,0.701,148000.0,7.4,11.611778769193387,131.17352504475116
9.0,78.0,55,25.22,85.14,0.01,32.1,22.9,21,46.0,21.8,252,189,162,60,263,324,0.471,161000.0,8.0,7.771188255758743,114.58977758104648
9.0,78.1,24,25.22,85.14,0.01,31.6,24.0,36,39.3,29.1,297,228,159,73,285,352,0.535,151000.0,7.2,12.253148445367971,117.90232866455867
9.0,78.2,9,25.22,85.14,0.01,30.4,20.7,39,37.6,32.0,294,234,181,73,297,366,0.604,142000.0,7.0,13.192105345802357,109.13204232201782
9.0,80.1,14,26.18,83.74,3.6,31.5,24.6,62,40.4,28.1,342,511,186,123,309,358,0.921,121000.0,6.0,13.643005225657904,122.64439921528268
9.0,80.2,40,26.18,83.74,3.6,33.0,21.6,61,38.6,28.4,392,576,193,117,302,371,0.709,121000.0,5.8,12.455308361000585,113.48797515997975
9.0,80.3,52,26.18,83.74,3.6,34.3,20.7,58,38.6,27.0,383,480,203,102,303,362,0.586,119000.0,5.8,12.163498044216345,110.59833665311875
9.0,80.4,90,25.66,87.17,5.55,30.1,21.1,58,39.3,30.6,397,531,183,130,318,363,0.709,118000.0,5.7,12.20100285453488,110.90306308977284
9.0,80.5,94,25.66,87.17,5.55,25.4,25.0,59,43.3,31.4,356,548,176,136,328,365,0.608,120000.0,5.7,12.340383956500652,118.40918664134536
9.0,80.6,110,25.66,87.17,5.55,27.8,22.1,69,40.8,31.5,369,617,187,130,314,360,0.598,119000.0,5.7,12.16855058516738,111.72364931346155
9.0,80.7,55,25.66,87.17,5.55,30.5,24.1,66,38.1,31.4,365,693,200,95,304,373,0.63,120000.0,5.9,12.889435004373048,118.5180634816992
9.0,80.8,35,25.66,87.17,5.55,33.0,22.9,63,35.7,31.3,385,557,192,115,303,371,0.576,121000.0,5.9,12.620899687714031,115.92364389017608
9.0,80.9,3,25.66,87.17,5.55,24.8,28.7,58,39.8,35.4,417,619,178,96,307,389,0.614,98000.0,6.2,14.1336955248814,127.90406973041121
9.1,76.5,10,28.19,74.24,2.08,34.6,21.3,62,35.5,29.9,389,433,195,100,330,392,0.622,112000.0,5.6,11.291451644361846,112.65262021182022
9.1,76.6,5,24.42,83.04,0.22,32.2,17.7,60,32.6,35.2,385,333,179,67,332,393,0.387,113000.0,5.3,9.438814691437736,100.03170557389522
9.1,76.7,29,24.42,83.04,0.22,29.9,15.7,54,38.0,32.0,358,291,167,138,338,397,0.313,118000.0,5.3,9.435412477376287,93.28619681700506
9.1,76.8,26,24.42,83.04,0.22,34.1,17.9,59,36.4,29.4,386,346,182,127,336,393,0.361,117000.0,5.3,9.300742673475995,101.05177981398654
9.1,76.9,159,24.42,83.04,0.22,35.0,16.6,66,33.5,31.5,411,402,206,154,340,403,0.424,112000.0,5.3,9.3520987268337,98.4473124400472
9.1,77.0,332,24.42,83.04,0.22,31.7,20.0,65,37.4,30.9,426,449,206,104,327,388,0.481,109000.0,5.2,9.016353525318193,106.76879539689006
9.1,77.1,71,24.42,83.04,0.22,31.9,22.4,62,39.8,28.3,399,472,202,135,316,393,0.432,121000.0,5.6,11.140491282242989,112.80627941811537
9.1,77.2,1198,22.88,87.38,0.0,37.3,23.4,78,31.5,31.2,529,590,211,106,305,413,0.762,105000.0,5.3,9.685425324813226,120.7405424473062
9.1,77.3,215,22.88,87.38,0.0,31.7,21.7,57,42.3,26.1,398,354,168,119,275,371,0.443,129000.0,6.0,12.790213980495192,110.96173968070497
9.1,77.4,199,22.88,87.38,0.0,26.5,24.7,42,43.3,30.2,338,275,164,98,271,355,0.568,135000.0,6.3,14.08308458426794,117.76876235733765
9.1,77.5,164,22.88,87.38,0.0,33.2,23.7,40,40.5,26.4,329,266,176,52,279,352,0.288,137000.0,6.6,13.078269173730629,115.35351372783862
9.1,77.6,130,22.88,87.38,0.0,34.8,26.2,36,38.1,27.1,291,248,175,67,277,343,0.539,138000.0,6.8,13.254721176394003,125.33142040089619
9.1,77.7,114,22.88,87.38,0.0,33.3,26.8,40,40.2,26.6,280,233,176,84,283,345,0.432,133000.0,7.1,12.32927178466322,125.16981511551958
9.1,77.8,111,22.88,87.38,0.0,34.7,27.5,45,41.4,23.9,298,268,183,107,302,343,0.308,140000.0,7.1,11.980916352690123,126.32530473794354
9.1,77.9,75,25.22,85.14,0.01,34.4,26.0,44,42.3,23.3,294,252,171,98,284,345,0.379,145000.0,7.5,10.39684308005176,122.98036016879833
9.1,78.0,55,25.22,85.14,0.01,32.8,29.0,47,43.0,24.2,286,261,172,110,286,328,0.489,147000.0,7.7,9.562399192798443,131.41891797296927
9.1,78.1,36,25.22,85.14,0.01,35.3,28.6,47,39.7,25.0,280,226,181,63,264,353,0.566,147000.0,7.8,8.953186916842045,132.36046651862978
9.1,78.2,19,25.22,85.14,0.01,33.6,26.7,46,37.2,29.2,305,240,170,54,291,363,0.573,141000.0,6.9,13.187807846979696,126.44772362441604
9.1,78.3,11,25.22,85.14,0.01,34.1,30.0,40,38.3,27.6,288,247,176,78,311,353,0.716,,7.3,11.950172023497654,137.03277583310137
9.1,80.1,10,26.18,83.74,3.6,29.4,28.0,52,40.4,30.2,332,365,171,83,325,357,0.581,126000.0,6.2,13.73121191573909,127.9995065739799
9.1,80.2,34,26.18,83.74,3.6,32.9,21.1,61,38.9,28.2,426,543,190,108,294,364,0.675,122000.0,5.9,12.800463331042055,111.8179747907552
9.1,80.3,33,26.18,83.74,3.6,32.2,21.3,58,40.8,27.0,385,382,193,114,296,362,0.518,130000.0,5.8,12.182708962484101,110.77148669315238
9.1,80.4,71,25.66,87.17,5.55,30.2,21.4,55,38.2,31.6,369,524,189,114,305,368,0.63,118000.0,5.8,12.51324773110671,111.13534171689103
9.1,80.5,55,25.66,87.17,5.55,25.9,24.6,56,42.5,31.5,399,553,180,92,313,365,0.676,120000.0,5.8,12.881181972024804,118.15810312545932
9.1,80.6,78,25.66,87.17,5.55,28.4,22.1,62,40.9,30.6,397,585,191,104,311,367,0.566,120000.0,5.8,12.521296322002858,111.71288069594311
9.1,80.7,39,25.66,87.17,5.55,29.5,22.3,63,40.6,29.9,398,649,197,153,288,370,0.729,121000.0,5.9,13.128899583214164,114.03636388874692
9.1,80.8,28,25.66,87.17,5.55,26.9,25.0,72,39.5,33.6,404,628,195,124,298,369,0.616,119000.0,6.0,13.46238632586635,119.16540101968585
9.2,76.5,11,28.19,74.24,2.08,30.9,16.4,59,35.3,33.7,427,399,181,81,332,388,0.427,124000.0,5.6,11.191798663558735,96.43763260949633
9.2,76.6,15,24.42,83.04,0.22,30.2,16.8,50,36.4,33.4,374,287,182,117,327,401,0.289,123000.0,5.3,9.379579835763188,96.05546351045773
9.2,76.7,29,24.42,83.04,0.22,32.4,18.5,52,38.3,29.3,387,289,180,157,330,395,0.299,118000.0,5.4,9.838256411098222,101.42660720323272
9.2,76.8,184,24.42,83.04,0.22,32.4,16.0,59,35.3,32.3,400,358,187,142,341,403,0.36,109000.0,5.3,9.385746519526203,95.36726595800266
9.2,76.9,134,24.42,83.04,0.22,31.2,17.0,60,38.6,30.3,398,342,174,141,321,394,0.371,110000.0,5.2,8.881886870365292,97.66835035612635
9.2,77.0,447,24.42,83.04,0.22,31.3,18.1,60,38.9,29.8,415,408,195,85,318,384,0.447,108000.0,5.2,8.988077683104644,101.26279042583757
9.2,77.1,418,24.42,83.04,0.22,33.5,21.4,72,36.0,30.4,466,417,204,90,333,389,0.483,111000.0,5.3,9.517248758135453,111.27410332797092
9.2,77.2,1515,22.88,87.38,0.0,32.1,21.1,86,33.1,34.8,569,543,217,76,322,446,0.867,93000.0,5.2,9.471233425683087,112.90262491520225
9.2,77.3,589,22.88,87.38,0.0,34.1,18.3,63,37.4,28.5,453,443,176,104,303,382,0.502,121000.0,5.7,11.599567229310844,103.32993273234841
9.2,77.4,188,22.88,87.38,0.0,28.8,22.5,45,43.2,28.0,320,312,165,61,285,360,0.364,138000.0,6.3,13.47697081787851,111.10036374359109
9.2,77.5,182,22.88,87.38,0.0,31.3,25.1,41,43.3,25.4,357,320,177,145,284,352,0.59,130000.0,6.6,13.868146236342728,121.21722617618
9.2,77.6,132,22.88,87.38,0.0,33.7,26.8,38,39.6,26.6,301,242,173,85,284,341,0.304,138000.0,6.9,12.625471170385078,123.95337834509931
9.2,77.7,128,22.88,87.38,0.0,35.0,27.3,47,36.9,28.2,323,287,180,118,297,345,0.432,139000.0,7.1,12.214966592694884,127.3136830470818
9.2,77.8,102,22.88,87.38,0.0,35.6,26.8,39,39.1,25.3,302,297,173,94,283,330,0.357,141000.0,7.1,12.024375494789597,125.43704754182757
9.2,77.9,89,25.22,85.14,0.01,34.7,28.3,40,40.8,24.5,296,275,171,96,277,347,0.503,131000.0,7.5,10.586550093547123,130.61172180800446
9.2,78.0,57,25.22,85.14,0.01,34.1,29.5,40,39.9,26.0,319,299,185,105,287,345,0.617,145000.0,7.6,10.248356234260324,134.71847495194464
9.2,78.1,29,25.22,85.14,0.01,36.3,27.4,41,38.2,25.6,289,248,171,64,280,361,0.504,139000.0,7.2,11.886947976513927,128.9533101140918
9.2,78.2,27,25.22,85.14,0.01,32.5,31.2,43,38.7,28.8,294,255,184,80,300,354,0.598,143000.0,7.7,9.731855714553083,138.31844650510143
9.2,78.3,19,25.22,85.14,0.01,36.5,30.8,48,36.8,26.7,313,252,183,81,302,349,0.687,132000.0,7.3,11.74880251979775,140.19437513489362
9.2,78.4,12,25.22,85.14,0.01,36.9,29.8,42,32.5,30.6,318,259,182,90,296,359,0.596,,7.1,12.387873502989173,136.74288487886884
9.2,78.5,9,26.39,83.15,0.14,34.7,28.6,39,33.0,32.3,303,261,192,59,288,383,0.506,,7.0,12.70590293960061,131.45414464712192
9.2,78.6,10,26.39,83.15,0.14,35.2,27.3,47,33.1,31.7,310,228,185,51,298,383,,,7.3,,
9.2,78.7,6,26.39,83.15,0.14,34.8,26.2,38,30.1,35.1,299,258,183,59,313,362,0.488,137000.0,7.0,12.664291581728289,124.83046059882419
9.2,80.2,44,26.18,83.74,3.6,30.5,24.7,61,40.2,29.2,419,560,187,143,293,363,0.757,125000.0,5.9,13.104885297354539,121.1923489880248
9.2,80.3,39,26.18,83.74,3.6,31.5,22.1,54,40.6,27.9,369,356,167,121,305,365,0.543,130000.0,5.9,12.663533336221587,112.83805940012262
9.2,80.4,55,25.66,87.17,5.55,27.4,22.5,61,40.1,32.5,404,532,178,103,308,362,0.627,120000.0,5.8,12.695935009960204,112.85154759719738
9.2,80.5,57,25.66,87.17,5.55,28.3,19.7,61,38.1,33.6,408,584,197,111,303,364,0.616,117000.0,5.8,12.616458609016938,105.69594390891227
9.2,80.7,21,25.66,87.17,5.55,27.8,21.9,56,42.8,29.4,357,534,190,117,300,371,0.503,127000.0,6.1,13.466543638754043,110.38817463238918
9.2,80.8,12,25.66,87.17,5.55,29.0,25.2,55,37.4,33.6,372,577,197,92,302,388,0.672,130000.0,6.2,13.933280709531878,121.14565734231228
9.2,92.8,39,28.27,79.56,0.63,28.2,13.3,50,44.8,26.9,372,475,145,113,304,368,0.459,116000.0,5.2,9.155663361586996,87.55480616580682
9.3,76.4,2,28.33,75.18,1.66,33.7,20.8,58,30.5,35.8,390,372,202,85,342,431,0.79,109000.0,5.3,9.913928796083713,112.20347506760397
9.3,76.5,-1,28.33,75.18,1.66,30.7,21.3,68,33.3,36.1,432,416,195,76,330,389,0.582,112000.0,5.4,10.38823061385779,110.68611861580109
9.3,76.6,11,23.54,84.8,0.06,30.2,20.5,66,36.9,32.9,423,341,172,64,327,396,0.41,117000.0,5.4,10.147269910249847,106.86236072871088
9.3,76.7,7,23.54,84.8,0.06,33.0,19.1,55,34.8,32.2,404,318,175,125,330,392,0.336,116000.0,5.3,9.316516247753945,103.59082650345725
9.3,76.8,72,23.54,84.8,0.06,27.7,14.2,57,38.0,34.3,361,312,174,154,342,400,0.338,111000.0,5.3,9.588702039846357,88.8217761719721
9.3,76.9,199,23.54,84.8,0.06,36.3,17.3,55,33.9,29.9,376,388,195,128,329,404,0.388,113000.0,5.2,8.662316629279625,100.50722344436042
9.3,77.0,504,23.54,84.8,0.06,30.2,18.4,56,39.8,29.9,387,423,173,97,325,387,0.482,110000.0,5.2,9.090868970980805,101.92613578362625
9.3,77.1,626,23.54,84.8,0.06,33.0,24.3,70,38.8,28.1,466,455,196,92,332,382,0.502,114000.0,5.3,9.570877148729354,119.02579366353017
9.3,77.2,1343,21.91,86.16,0.0,39.0,17.8,74,34.6,26.4,489,503,211,68,309,404,0.563,104000.0,5.3,9.341852472356834,104.34127477071222
9.3,77.3,898,21.91,86.16,0.0,36.6,20.5,82,31.7,31.7,512,533,195,106,340,409,0.679,114000.0,5.6,11.253439759044973,111.74820015462286
9.3,77.4,185,21.91,86.16,0.0,28.0,25.8,55,40.8,31.2,350,361,166,67,294,366,0.407,133000.0,6.2,13.472049705000922,119.80738581814016
9.3,77.5,146,21.91,86.16,0.0,31.7,29.1,46,41.9,26.4,342,324,152,87,250,354,0.286,142000.0,6.7,13.08766611060833,128.85404858609002
9.3,77.6,124,21.91,86.16,0.0,37.1,27.7,45,38.8,24.1,326,318,179,96,290,339,0.635,133000.0,7.1,12.440960736270931,131.44726792077537
9.3,77.7,96,21.91,86.16,0.0,32.4,27.7,39,39.1,28.5,327,317,165,108,279,338,0.286,142000.0,7.1,12.084138413862519,125.51062496374912
9.3,77.8,87,21.91,86.16,0.0,34.0,28.7,43,38.3,27.6,302,304,169,109,272,339,0.332,140000.0,7.3,11.28957851393311,129.4624947339397
9.3,77.9,79,24.59,84.21,0.0,36.5,28.3,47,38.6,24.9,308,283,178,80,289,340,0.433,138000.0,7.5,10.36840536798564,130.74295963368354
9.3,78.0,51,24.59,84.21,0.0,38.2,29.7,42,37.2,24.6,309,311,178,66,292,337,0.331,144000.0,7.5,10.09662372752751,134.1844140660275
9.3,78.1,58,24.59,84.21,0.0,34.0,27.7,39,37.2,28.8,284,249,176,72,283,365,0.509,136000.0,7.7,9.528810391970596,128.71331057662974
9.3,78.2,50,24.59,84.21,0.0,34.0,29.7,43,36.9,29.1,310,245,177,70,283,348,0.735,134000.0,7.8,9.225098896476165,136.33520995745164
9.3,78.3,34,24.59,84.21,0.0,33.1,28.8,47,36.8,30.1,320,281,183,80,293,357,0.773,,7.5,11.079952558486255,133.7537249868276
9.3,78.4,26,24.59,84.21,0.0,36.2,32.0,41,33.7,30.1,324,237,176,61,282,343,0.502,138000.0,7.2,11.889948134682946,141.39291923395174
9.3,78.5,23,25.34,84.03,0.03,32.0,29.5,40,33.2,34.8,310,256,173,58,282,350,0.555,,7.1,12.651405386983171,133.04440777958416
9.3,78.6,18,25.34,84.03,0.03,34.6,27.6,37,34.6,30.8,286,261,189,52,293,366,0.399,,7.4,10.918981110579995,127.57336996144679
9.3,78.7,14,25.34,84.03,0.03,33.9,31.1,37,34.7,31.3,304,286,195,61,298,350,0.583,137000.0,7.3,11.750680106756958,138.6207742745011
9.3,78.8,4,25.34,84.03,0.03,33.6,36.2,43,33.5,32.9,351,278,199,97,324,360,0.487,138000.0,7.6,10.084196736070913,151.1583511877686
9.3,78.9,13,25.34,84.03,0.03,37.9,27.9,49,31.8,30.3,303,323,202,52,328,372,0.44,140000.0,6.8,12.833289715744431,130.4089015452474
9.3,79.0,5,25.34,84.03,0.03,36.8,28.5,39,33.1,30.0,329,320,196,66,328,356,,,7.0,,
9.3,79.3,9,26.79,78.89,0.18,28.0,26.8,62,36.9,35.1,373,380,209,114,314,364,0.532,126000.0,6.5,14.030469176450802,123.67244582622308
9.3,80.2,13,26.61,79.19,0.54,28.3,25.3,58,39.7,32.0,384,480,175,88,299,374,0.555,126000.0,5.8,12.508095592835026,120.05794050247862
9.3,80.3,27,26.61,79.19,0.54,31.4,21.4,53,38.3,30.3,357,463,183,122,299,364,0.544,129000.0,5.9,12.672223785232218,110.92851424140753
9.3,80.4,45,26.64,79.84,1.26,31.8,23.5,54,40.5,27.7,359,411,176,111,294,359,0.421,132000.0,6.1,13.013551996619968,115.58250009731715
9.3,80.5,54,26.64,79.84,1.26,29.6,19.6,61,39.2,31.2,396,611,190,120,289,373,0.676,116000.0,5.8,12.631346012057172,106.40906828045752
9.3,80.6,37,26.64,79.84,1.26,28.3,21.7,61,37.2,34.5,425,607,184,138,298,370,0.714,118000.0,6.0,13.538686172479593,111.79148713127508
9.3,80.7,38,26.64,79.84,1.26,38.0,23.1,54,31.3,30.6,361,577,204,123,310,391,0.687,123000.0,5.9,12.464890899157254,119.60565092206055
9.4,76.5,0,28.33,75.18,1.66,30.3,21.4,74,30.7,39.0,449,372,190,72,339,392,0.541,109000.0,5.5,10.903958925853683,110.44211955255165
9.4,76.6,14,23.54,84.8,0.06,31.5,17.2,56,32.7,35.9,448,320,167,104,336,396,0.492,114000.0,5.4,10.20766227504896,99.30753312486202
9.4,76.7,80,23.54,84.8,0.06,27.2,16.0,56,40.0,32.9,370,290,161,145,325,402,0.316,115000.0,5.4,10.146755235914473,93.130918338198
9.4,76.8,101,23.54,84.8,0.06,31.3,15.7,53,38.4,30.3,351,316,159,169,339,397,0.312,115000.0,5.3,9.363014719124944,93.77369952475615
9.4,76.9,162,23.54,84.8,0.06,30.0,14.6,57,37.9,32.1,409,374,181,126,321,392,0.456,109000.0,5.2,9.063956141255177,91.57647643565438
9.4,77.0,441,23.54,84.8,0.06,31.1,17.6,61,38.8,30.1,439,433,181,105,339,398,0.549,108000.0,5.2,9.138043879489748,100.67107720289603
9.4,77.1,542,23.54,84.8,0.06,32.6,20.3,64,38.1,29.3,451,486,191,99,331,404,0.576,113000.0,5.2,9.09947456955309,108.73441711089838
9.4,77.2,1240,21.91,86.16,0.0,36.2,17.4,70,34.6,29.2,461,508,206,55,318,396,0.468,109000.0,5.3,9.355263531421821,101.41716549061654
9.4,77.3,1023,21.91,86.16,0.0,33.4,23.5,79,34.7,32.0,466,599,204,92,301,383,0.498,107000.0,5.5,10.654121106751084,117.01474829600292
9.4,77.4,197,21.91,86.16,0.0,29.1,24.2,55,41.8,29.1,372,362,152,79,278,352,0.363,131000.0,6.3,13.45316034140383,115.66640509293455
9.4,77.5,164,21.91,86.16,0.0,31.3,26.6,41,41.0,27.6,315,298,153,62,293,353,0.34,142000.0,6.8,13.08765453629516,122.71737957762755
9.4,77.6,133,21.91,86.16,0.0,37.1,26.9,44,38.6,24.4,320,288,172,94,288,345,0.328,145000.0,7.0,12.180656824523886,126.07741965295696
9.4,77.7,110,21.91,86.16,0.0,34.3,28.2,39,40.3,25.4,300,284,169,105,287,328,0.309,147000.0,7.0,12.328975467383662,128.0074710824549
9.4,77.8,96,21.91,86.16,0.0,34.3,29.1,42,38.2,27.5,298,298,178,83,281,341,0.361,143000.0,7.3,11.327667825711616,131.01195126087381
9.4,77.9,80,24.59,84.21,0.0,34.7,30.2,38,39.8,25.5,283,309,175,90,272,333,0.312,142000.0,7.4,10.75138162032853,133.55520281044903
9.4,78.0,73,24.59,84.21,0.0,38.2,29.9,41,37.1,24.8,319,300,181,100,280,343,0.339,139000.0,7.5,10.110740683630478,134.82182658161796
9.4,78.1,77,24.59,84.21,0.0,39.6,32.8,39,34.2,26.2,307,316,187,64,287,353,0.39,143000.0,7.5,10.118795062121459,144.03911614034686
9.4,78.2,70,24.59,84.21,0.0,35.9,29.8,46,36.7,27.4,313,311,180,93,297,354,0.746,131000.0,7.6,10.321142990107717,137.68212747613237
9.4,78.3,54,24.59,84.21,0.0,35.9,29.8,39,33.4,30.6,300,233,179,76,282,353,0.683,,7.6,10.237914983452175,137.0908499797117
9.4,78.4,37,24.59,84.21,0.0,34.3,29.7,41,35.4,30.3,289,250,182,55,285,376,0.505,138000.0,7.4,11.121204544240195,134.21822598115324
9.4,78.5,33,25.34,84.03,0.03,36.7,29.2,41,33.6,29.7,296,238,175,62,282,382,0.454,143000.0,7.5,10.391455768681707,133.50981507630797
9.4,78.6,29,25.34,84.03,0.03,33.7,29.4,36,34.6,31.7,296,279,182,70,284,357,0.494,140000.0,7.4,11.13922863383612,132.9928476979583
9.4,78.7,18,25.34,84.03,0.03,34.0,31.8,38,30.8,35.2,307,277,200,73,295,356,0.698,137000.0,7.3,11.92894616067237,141.73764168593277
9.4,78.8,9,25.34,84.03,0.03,36.4,28.6,44,31.7,31.9,313,318,187,63,305,366,0.578,132000.0,7.0,12.720512240324176,133.02253966089717
9.4,78.9,7,25.34,84.03,0.03,34.5,30.7,45,31.4,34.2,347,297,192,51,302,338,0.707,130000.0,7.1,12.742189079955331,139.07337595217263
9.4,80.1,11,26.61,79.19,0.54,27.2,24.8,63,38.5,34.2,402,580,184,97,301,388,0.982,118000.0,5.9,13.689341450208278,121.63195681827519
9.4,80.2,15,26.61,79.19,0.54,25.5,24.4,65,41.9,32.6,381,562,183,105,314,383,1.081,121000.0,5.8,13.526786596073922,120.4315704918749
9.4,80.3,12,26.61,79.19,0.54,26.4,23.9,60,38.1,35.5,400,421,163,118,308,382,0.682,130000.0,6.1,13.912709155595314,116.57682211677573
9.4,80.4,15,26.64,79.84,1.26,29.6,22.6,50,38.4,32.0,363,462,196,106,303,364,0.584,134000.0,6.2,13.722379836133474,113.71151812938562
9.4,80.5,12,26.64,79.84,1.26,29.3,24.5,56,37.7,32.9,350,486,173,117,308,383,0.621,135000.0,6.1,13.588684013990797,118.97145792318614
9.4,80.6,20,26.64,79.84,1.26,30.2,27.8,65,38.5,31.4,391,652,187,107,313,390,1.074,116000.0,5.9,13.6030879367214,131.95718064216558
9.5,76.5,1,28.33,75.18,1.66,30.9,17.8,61,31.6,37.5,463,426,191,91,358,409,0.497,115000.0,5.3,9.672983527413047,100.72074907964613
9.5,76.6,65,23.54,84.8,0.06,30.3,16.7,52,34.2,35.5,361,313,153,141,330,411,0.289,119000.0,5.3,9.374549671389342,95.83079325823162
9.5,76.7,100,23.54,84.8,0.06,30.5,14.1,56,38.0,31.5,343,285,152,156,319,394,0.337,118000.0,5.3,9.444976225239337,89.50396133219931
9.5,76.8,87,23.54,84.8,0.06,31.5,16.2,55,37.4,31.1,371,328,179,196,337,401,0.348,110000.0,5.3,9.41218304877344,95.47033513561077
9.5,76.9,197,23.54,84.8,0.06,29.4,14.4,59,38.0,32.6,346,332,178,165,321,397,0.308,113000.0,5.2,8.870331976915688,89.67710009069258
9.5,77.0,446,23.54,84.8,0.06,30.4,15.8,54,36.7,32.9,417,406,178,101,315,385,0.457,108000.0,5.2,9.045952529903094,94.90424602125161
9.5,77.1,1122,23.54,84.8,0.06,29.6,18.6,69,35.6,34.8,466,432,201,78,342,412,0.514,112000.0,5.4,10.346709126250197,102.48390889530198
9.5,77.2,1084,21.91,86.16,0.0,34.5,16.3,70,34.6,31.0,506,565,200,106,320,406,0.629,103000.0,5.3,9.667558294330945,99.02757533373612
9.5,77.3,1335,21.91,86.16,0.0,30.8,17.7,76,36.0,33.2,422,488,189,74,319,389,0.564,111000.0,5.7,11.91763078875419,100.93946144741287
9.5,77.4,1387,21.91,86.16,0.0,34.6,17.4,75,32.5,32.9,534,502,204,73,307,403,0.761,102000.0,5.4,10.414881151874852,103.00342698586859
9.5,77.5,187,21.91,86.16,0.0,31.4,22.6,55,42.9,25.7,345,376,173,71,266,353,0.397,131000.0,6.5,13.490506350813789,112.78984854430867
9.5,77.6,154,21.91,86.16,0.0,32.6,25.0,45,46.0,21.4,335,344,167,103,275,362,0.338,140000.0,6.6,13.238535215842184,119.06460328048337
9.5,77.7,124,21.91,86.16,0.0,37.5,27.6,36,38.5,24.0,299,283,163,100,273,333,0.292,147000.0,7.1,11.762546437161332,127.72328104092556
9.5,77.8,101,21.91,86.16,0.0,35.8,28.0,35,39.1,25.1,298,283,168,72,288,358,0.313,152000.0,7.1,11.919135205209836,128.2380826418285
9.5,77.9,94,24.59,84.21,0.0,35.2,30.4,35,37.9,26.8,291,286,163,77,279,330,0.281,150000.0,7.5,10.174629400648708,133.9490800984896
9.5,78.0,89,24.59,84.21,0.0,35.2,30.2,43,36.7,28.1,291,294,183,96,277,342,0.326,143000.0,7.6,9.735531386508233,133.97604205193664
9.5,78.1,96,24.59,84.21,0.0,39.8,45.3,42,34.5,25.7,300,325,213,82,306,389,0.285,150000.0,7.9,7.783269823226405,176.58874464241333
9.5,78.2,68,24.59,84.21,0.0,36.9,34.5,38,35.9,27.1,284,267,181,80,293,354,0.37,140000.0,7.6,9.717848556473752,146.9498120559853
9.5,78.3,50,24.59,84.21,0.0,37.5,28.7,49,38.5,24.0,301,264,171,85,281,362,0.422,140000.0,7.2,11.657686823509033,132.19229820493354
9.5,78.4,51,24.59,84.21,0.0,37.1,32.3,37,36.1,26.8,301,259,186,73,304,363,0.301,145000.0,7.6,9.590777883104682,140.2451688631764
9.5,78.5,46,25.34,84.03,0.03,36.7,27.1,36,37.2,26.1,304,233,177,74,292,371,0.324,144000.0,7.2,11.517611177768382,126.38174582330907
9.5,78.6,36,25.34,84.03,0.03,33.5,28.4,37,35.1,31.5,297,278,184,61,274,364,0.427,142000.0,7.2,11.927563471528607,129.49201731420254
9.5,78.7,24,25.34,84.03,0.03,34.1,31.6,37,34.0,31.9,305,273,179,82,299,369,0.48,138000.0,7.3,11.560727910562957,138.9677859753486
9.5,78.8,17,25.34,84.03,0.03,32.1,31.6,38,32.8,35.1,292,270,197,68,309,346,0.594,134000.0,7.3,11.884835254087793,139.14811321618728
9.5,78.9,3,25.34,84.03,0.03,36.3,33.8,43,31.0,32.7,340,282,186,56,325,364,0.374,137000.0,7.5,10.279815231247166,144.79105161490966
9.5,79.7,4,26.61,79.19,0.54,32.6,29.7,51,35.5,31.9,364,391,190,82,321,384,0.612,,6.5,13.845787483715185,134.4550017687492
9.5,80.2,4,26.61,79.19,0.54,24.0,26.5,53,38.7,37.3,383,414,179,92,318,382,0.678,121000.0,6.4,14.588245835157176,122.30595936943996
9.6,76.5,11,28.33,75.18,1.66,32.1,18.4,55,31.0,36.9,377,320,174,65,336,404,0.477,120000.0,5.4,10.151221063881547,102.6196585685954
9.6,76.6,43,23.54,84.8,0.06,34.2,17.2,52,38.0,27.8,369,287,166,125,319,390,0.38,120000.0,5.4,9.880431265767097,99.388046740525
9.6,76.7,123,23.54,84.8,0.06,29.9,15.1,60,38.5,31.6,354,369,171,122,325,398,0.405,113000.0,5.3,9.584978167065268,92.46922951045862
9.6,76.8,129,23.54,84.8,0.06,31.2,15.9,56,34.6,34.2,352,345,172,159,338,403,0.391,109000.0,5.3,9.496298533559466,94.92974079807875
9.6,76.9,150,23.54,84.8,0.06,30.8,15.3,58,36.7,32.5,388,377,173,136,328,400,0.419,108000.0,5.2,8.972019292460374,93.42501219806435
9.6,77.0,1174,23.54,84.8,0.06,31.0,16.1,69,35.8,33.2,437,444,190,84,331,398,0.442,104000.0,5.3,9.585594591973566,95.79875214353433
9.6,77.1,878,23.54,84.8,0.06,32.4,17.2,60,37.9,29.7,421,457,176,84,306,393,0.461,110000.0,5.3,9.541837939173897,99.3959502616013
9.6,77.2,1019,21.91,86.16,0.0,34.8,17.0,69,35.5,29.7,451,441,192,76,299,404,0.465,106000.0,5.4,9.984132668933539,99.7869924842229
9.6,77.3,1527,21.91,86.16,0.0,34.9,20.8,77,34.0,31.1,507,581,205,102,340,423,0.768,96000.0,5.2,9.217651271226172,112.54528977174813
9.6,77.4,1003,21.91,86.16,0.0,34.5,23.2,64,38.4,27.1,404,467,164,105,304,353,0.577,119000.0,6.0,12.852757047014235,117.40055814367469
9.6,77.5,733,21.91,86.16,0.0,31.1,21.1,79,41.4,27.6,433,464,186,136,316,387,0.624,119000.0,6.0,13.178942058655288,110.65870885271461
9.6,77.6,233,21.91,86.16,0.0,29.7,21.7,57,42.2,28.0,360,387,161,134,297,361,0.399,127000.0,6.4,13.586814717784046,109.71680991303097
9.6,77.7,134,21.91,86.16,0.0,33.6,25.3,41,43.5,23.0,323,283,161,96,266,351,0.338,146000.0,7.0,12.439822010071804,120.30907562763161
9.6,77.8,112,21.91,86.16,0.0,33.2,26.3,41,44.1,22.7,306,273,165,96,279,355,0.316,150000.0,7.2,11.724982251525997,122.53512846295459
9.6,77.9,112,24.59,84.21,0.0,33.7,31.3,42,38.3,28.0,294,279,167,104,273,341,0.356,146000.0,7.5,10.396150868956786,136.51476539371663
9.6,78.0,102,24.59,84.21,0.0,36.4,30.3,43,35.3,28.3,328,323,168,99,285,332,0.298,148000.0,7.5,10.138717395694146,134.49534473600787
9.6,78.1,85,24.59,84.21,0.0,37.4,32.9,36,36.9,25.8,311,315,185,81,302,372,0.302,149000.0,7.5,10.089755501092581,142.02466804454735
9.6,78.2,70,24.59,84.21,0.0,35.5,37.3,44,36.4,28.1,286,286,180,77,304,364,0.294,148000.0,7.7,9.121274908088866,152.644125399751
9.6,78.3,71,24.59,84.21,0.0,34.6,33.2,38,36.8,28.6,296,266,179,65,298,355,0.291,150000.0,7.6,9.706704011750594,141.20778696171516
9.6,78.4,61,24.59,84.21,0.0,35.2,31.7,37,36.8,28.0,307,261,179,65,285,359,0.275,148000.0,7.7,9.104637991503775,137.3259006899828
9.6,78.5,58,25.34,84.03,0.03,34.7,26.5,36,37.7,27.5,292,249,170,56,289,349,0.419,140000.0,7.4,10.948711546236327,124.88405905477227
9.6,78.6,40,25.34,84.03,0.03,33.3,24.8,36,39.3,27.3,302,259,173,75,287,352,0.329,143000.0,7.2,11.745539757570237,118.7506966214359
9.6,78.7,28,25.34,84.03,0.03,36.0,30.6,38,33.9,30.1,304,271,181,62,297,356,0.474,139000.0,7.4,10.965522259331646,137.17635050888438
9.6,78.8,16,25.34,84.03,0.03,34.7,26.8,36,32.0,33.3,310,298,190,54,302,344,0.471,137000.0,7.3,11.506731201642657,126.23151185996981
9.6,78.9,6,25.34,84.03,0.03,34.5,30.2,39,31.8,33.7,338,286,196,49,306,360,0.596,130000.0,7.3,11.733584945155952,136.6170239514513
9.6,80.3,12,26.61,79.19,0.54,26.4,26.0,56,42.2,31.5,353,483,180,98,311,386,0.611,104000.0,6.3,14.176158495343271,121.53504514827058
9.7,76.3,11,28.33,75.18,1.66,30.1,18.8,59,36.7,33.2,400,401,179,67,325,389,0.413,110000.0,5.7,11.689407646977742,102.36400139299714
9.7,76.5,1,28.33,75.18,1.66,32.2,21.3,56,33.1,34.8,413,347,184,77,343,385,0.429,115000.0,5.3,9.503886823986022,109.97638569836911
9.7,76.6,32,23.54,84.8,0.06,28.8,17.8,52,38.3,32.9,371,366,167,123,336,396,0.324,119000.0,5.4,10.075333172398816,98.46006445179553
9.7,76.7,26,23.54,84.8,0.06,30.2,15.5,56,40.8,29.0,346,381,155,131,326,401,0.396,115000.0,5.3,9.555412294285368,93.55745061244512
9.7,76.8,44,23.54,84.8,0.06,27.3,15.0,53,37.2,35.5,350,343,161,175,326,406,0.317,113000.0,5.3,9.573575327504049,90.58701661739714
9.7,76.9,956,23.54,84.8,0.06,29.0,14.9,74,37.3,33.6,468,392,184,84,333,407,0.521,106000.0,5.3,9.807212962179307,92.49955506522973
9.7,77.0,1006,23.54,84.8,0.06,30.0,16.3,76,36.7,33.3,452,463,183,95,325,402,0.442,105000.0,5.4,10.210636164013104,95.96506884058691
9.7,77.1,1032,23.54,84.8,0.06,32.6,16.9,68,35.9,31.5,478,595,202,109,328,427,0.716,97000.0,5.2,9.273310505307704,100.562962030438
9.7,77.2,1105,21.91,86.16,0.0,33.5,15.1,60,34.6,31.9,389,403,200,95,316,398,0.386,117000.0,5.4,9.928291516116612,93.58082227116631
9.7,77.3,404,21.91,86.16,0.0,31.4,22.0,47,41.7,26.9,348,365,155,80,290,386,0.412,141000.0,6.0,12.747245540129652,111.34375845348384
9.7,77.4,1479,21.91,86.16,0.0,37.5,17.5,75,32.5,30.0,513,618,200,109,330,383,0.674,97000.0,5.5,10.678485773939128,103.77919465957002
9.7,77.5,415,21.91,86.16,0.0,32.6,23.8,51,43.0,24.4,378,327,160,94,268,360,0.396,130000.0,6.5,13.40091198094123,116.4826811342807
9.7,77.6,637,21.91,86.16,0.0,31.7,22.6,60,40.1,28.2,372,435,169,127,316,370,0.41,129000.0,6.5,13.497444391009903,113.04315848428779
9.7,77.9,125,24.59,84.21,0.0,33.5,26.7,35,43.9,22.6,303,295,158,96,269,352,0.294,151000.0,7.2,11.659643168076837,123.4807668769516
9.7,78.0,110,24.59,84.21,0.0,33.8,27.7,42,40.2,26.0,293,306,154,94,286,332,0.283,151000.0,7.5,10.256891548545566,126.13615803050918
9.7,78.1,91,24.59,84.21,0.0,35.0,32.2,38,41.1,23.9,307,285,149,99,288,345,0.263,150000.0,7.6,9.63547169201679,138.39179068327266
9.7,78.2,99,24.59,84.21,0.0,35.6,28.0,38,37.5,26.9,290,256,162,77,286,366,0.283,150000.0,7.5,10.155930530750915,127.78474436907088
9.7,78.3,86,24.59,84.21,0.0,37.0,26.2,37,36.5,26.4,305,261,166,75,275,346,0.288,146000.0,7.1,11.786778825344348,123.69138010244833
9.7,78.4,75,24.59,84.21,0.0,33.9,26.4,40,37.4,28.7,310,275,170,66,263,334,0.292,145000.0,6.9,12.584335346238559,122.8484293380133
9.7,78.5,74,25.34,84.03,0.03,34.2,30.4,39,35.9,29.9,309,242,188,88,307,342,0.334,144000.0,7.4,10.822894188318262,134.1062317941339
9.7,78.6,42,25.34,84.03,0.03,33.7,33.3,42,39.0,27.4,318,272,174,76,285,351,0.34,148000.0,7.7,9.287476720553787,141.6342526235365
9.7,78.7,27,25.34,84.03,0.03,32.2,28.3,37,35.9,31.9,334,292,178,67,288,343,0.593,137000.0,7.5,10.87360371554823,130.2885181591182
9.7,78.8,18,25.34,84.03,0.03,36.2,29.6,39,34.4,29.4,316,292,181,41,290,351,0.353,147000.0,7.3,11.194310416348626,133.19106786007828
9.7,78.9,11,25.34,84.03,0.03,34.2,31.5,46,35.1,30.7,335,280,188,80,305,363,0.558,138000.0,7.5,10.702202603106695,139.59950923581758
9.7,80.2,7,26.61,79.19,0.54,26.0,21.5,55,41.2,32.9,379,517,184,92,306,377,0.577,98000.0,6.2,13.972570502987638,109.20140533271174
9.7,80.3,6,26.61,79.19,0.54,27.8,27.1,59,38.3,34.0,420,475,173,108,325,379,0.715,90000.0,6.3,14.268483988590402,126.03538374658827
9.8,76.3,10,27.42,75.94,1.45,30.3,24.1,73,30.2,39.5,437,428,201,121,314,378,0.566,107000.0,5.4,10.386840051800979,117.86938815838816
9.8,76.4,4,27.42,75.94,1.45,31.8,23.6,55,36.4,31.9,382,421,182,73,325,382,0.459,117000.0,5.5,10.682763757983873,116.21428899478353
9.8,76.5,52,27.42,75.94,1.45,31.0,16.5,57,37.6,31.4,375,299,170,151,321,394,0.443,120000.0,5.3,9.587116598216898,96.86826036657273
9.8,76.6,154,22.04,84.56,0.0,34.7,15.6,57,37.2,28.0,368,386,169,148,319,394,0.486,115000.0,5.3,9.459245774431842,96.13843108285562
9.8,76.7,66,22.04,84.56,0.0,30.4,15.1,57,40.3,29.3,373,375,159,204,325,400,0.334,112000.0,5.3,9.445101836499635,92.0688381782695
9.8,76.8,670,22.04,84.56,0.0,32.6,16.1,63,37.4,30.0,472,434,190,83,329,418,0.595,112000.0,5.3,9.722481424548016,97.54034975615484
9.8,77.0,948,22.04,84.56,0.0,30.2,18.3,74,36.9,32.9,460,461,181,79,340,406,0.468,108000.0,5.3,9.666299260209396,101.54574099528197
9.8,77.1,775,22.04,84.56,0.0,35.5,17.8,61,35.0,29.5,396,389,181,124,319,384,0.41,116000.0,5.4,9.858850904935272,101.74406906044983
9.8,77.2,924,20.45,85.99,0.0,32.8,17.0,59,37.2,30.0,432,428,193,117,300,409,0.409,116000.0,5.3,9.442329539492475,98.58214255381641
9.8,77.3,441,20.45,85.99,0.0,30.4,25.8,41,40.9,28.6,341,318,151,86,268,356,0.55,134000.0,6.4,13.855935438094518,122.31068256078201
9.8,77.4,401,20.45,85.99,0.0,31.7,25.5,40,41.9,26.4,305,280,147,88,295,354,0.28,138000.0,6.6,13.16587982528027,119.33882775293307
9.8,77.5,345,20.45,85.99,0.0,31.5,24.6,48,41.3,27.2,360,331,176,129,288,356,0.357,129000.0,6.5,13.39285376555668,117.71799078904095
9.8,77.6,461,20.45,85.99,0.0,32.5,26.7,47,42.2,25.2,347,323,167,109,282,359,0.353,131000.0,6.5,13.311391536389685,123.68221652716811
9.8,77.7,320,20.45,85.99,0.0,33.6,26.9,46,41.2,25.1,336,298,170,123,273,357,0.412,133000.0,6.3,13.23800620143194,125.36710901032153
9.8,77.8,173,20.45,85.99,0.0,30.2,27.7,41,44.5,25.3,293,274,160,107,301,331,0.329,147000.0,7.2,11.94411005341718,124.96766185401732
9.8,77.9,137,23.52,84.62,0.0,29.1,27.7,37,48.6,22.3,296,256,148,127,263,337,0.388,143000.0,7.5,10.715271578858053,125.09853933125466
9.8,78.0,116,23.52,84.62,0.0,33.2,32.0,39,44.6,22.2,306,241,134,98,292,345,0.29,152000.0,7.3,11.254272233446157,137.28856789047953
9.8,78.1,130,23.52,84.62,0.0,33.8,28.3,36,45.5,20.7,275,282,156,86,263,344,0.295,150000.0,7.3,11.227666169672537,127.86691750154407
9.8,78.2,108,23.52,84.62,0.0,36.1,29.4,41,38.0,25.9,308,249,172,76,277,355,0.303,148000.0,7.1,11.878071282229996,132.0033641472897
9.8,78.3,102,23.52,84.62,0.0,36.3,23.5,43,35.6,28.1,315,303,173,81,300,347,0.314,141000.0,6.8,12.676507171115711,116.44238534424976
9.8,78.4,85,23.52,84.62,0.0,31.1,24.9,48,36.0,32.9,333,265,175,79,283,340,0.323,143000.0,6.8,13.06280662735503,117.96929313194653
9.8,78.5,79,24.59,84.52,0.0,32.5,29.2,39,36.0,31.5,305,218,171,81,279,322,0.328,147000.0,7.3,11.374299134853091,130.01060749648613
9.8,78.6,58,24.59,84.52,0.0,33.1,29.6,43,35.9,31.0,333,263,182,77,309,331,0.347,144000.0,7.5,10.414106821860388,131.58870877596533
9.8,78.7,41,24.59,84.52,0.0,34.3,29.3,41,38.9,26.8,315,233,178,72,280,328,0.332,145000.0,7.5,10.31907134766581,131.204587227483
9.8,78.8,32,24.59,84.52,0.0,35.6,32.0,41,37.5,26.9,330,251,176,72,305,355,0.335,146000.0,7.8,8.617708098207062,139.1002031383404
9.8,78.9,26,24.59,84.52,0.0,33.6,29.5,40,37.3,29.1,320,280,175,60,288,355,0.507,133000.0,7.4,11.167255206627368,133.3495316825338
9.8,80.0,12,26.73,77.44,0.36,29.1,26.5,61,38.8,32.0,388,487,203,88,314,390,0.648,136000.0,6.3,14.045873555567866,124.46572234296482
9.8,80.1,8,26.73,77.44,0.36,29.6,24.9,59,37.5,32.9,385,522,190,95,315,396,0.652,132000.0,6.2,13.851708102962874,120.44635292414989
9.9,76.4,7,27.42,75.94,1.45,30.5,18.0,52,38.9,30.6,374,359,174,94,319,386,0.341,125000.0,5.3,9.45155250012021,99.77642445220692
9.9,76.5,42,27.42,75.94,1.45,31.0,18.4,51,40.1,28.9,371,358,176,134,322,389,0.359,117000.0,5.4,10.018039176913705,101.18019170594337
9.9,76.6,87,22.04,84.56,0.0,30.1,15.1,54,41.7,28.3,358,439,168,132,331,398,0.543,112000.0,5.3,9.781409763806453,93.57906670926403
9.9,76.8,47,22.04,84.56,0.0,33.1,15.7,58,32.9,34.0,351,521,161,207,342,408,0.346,112000.0,5.3,9.32763069663868,94.70355754572293
9.9,76.9,741,22.04,84.56,0.0,31.9,15.6,63,36.0,32.1,446,426,182,92,329,400,0.387,110000.0,5.4,10.016686829127213,94.35292703723198
9.9,77.0,791,22.04,84.56,0.0,30.0,15.5,61,39.9,30.0,417,465,184,102,327,392,0.448,112000.0,5.2,9.052543256668152,93.89671619168281
9.9,77.1,743,22.04,84.56,0.0,33.9,16.7,56,38.0,28.1,410,441,193,119,340,395,0.418,111000.0,5.3,9.399600688479321,98.261925614539
9.9,77.2,1162,20.45,85.99,0.0,34.1,18.3,64,31.4,34.5,477,515,201,75,313,410,0.45,109000.0,5.4,9.999021290506793,102.89686336111096
9.9,77.3,397,20.45,85.99,0.0,30.2,25.5,43,38.1,31.8,325,324,143,74,281,364,0.482,132000.0,6.7,13.63402312497242,120.77185359778632
9.9,77.4,342,20.45,85.99,0.0,29.8,27.0,48,42.8,27.3,321,296,158,73,320,382,0.353,139000.0,6.7,13.380051934568941,123.21247101549099
9.9,77.5,313,20.45,85.99,0.0,31.0,25.1,38,44.0,25.0,297,291,158,75,289,353,0.329,140000.0,6.8,13.08366403975554,118.51468987133491
9.9,77.6,380,20.45,85.99,0.0,31.8,26.5,45,42.7,25.4,323,257,168,88,286,370,0.321,135000.0,6.8,13.008930704200088,122.4741297350128
9.9,77.7,248,20.45,85.99,0.0,33.6,24.3,48,42.9,23.5,343,246,156,86,285,357,0.317,135000.0,6.8,12.873134841557219,117.42876410171104
9.9,77.8,191,20.45,85.99,0.0,30.6,25.6,39,43.4,26.0,286,265,144,86,291,354,0.28,151000.0,7.1,12.18875974291618,119.10471588904076
9.9,77.9,151,23.52,84.62,0.0,31.5,30.5,42,41.4,27.1,304,255,151,94,264,352,0.291,151000.0,7.4,10.899124516136897,132.49036368660228
9.9,78.0,154,23.52,84.62,0.0,24.2,15.5,28,65.8,10.0,262,242,106,153,210,280,0.252,169000.0,7.8,9.02318639931319,90.2329894941675
9.9,78.2,125,23.52,84.62,0.0,33.6,30.3,36,41.2,25.2,281,236,159,88,269,346,0.289,149000.0,7.5,10.279383861107734,132.98709302760147
9.9,78.3,118,23.52,84.62,0.0,35.4,29.7,36,38.7,26.0,270,250,168,79,272,342,0.271,149000.0,7.3,11.080540067067075,132.06144797292868
9.9,78.4,103,23.52,84.62,0.0,32.7,27.2,33,37.8,29.5,280,266,176,88,276,333,0.276,147000.0,7.1,12.042312411925106,124.21758162387738
9.9,78.5,98,24.59,84.52,0.0,32.5,25.1,35,37.7,29.8,291,233,164,101,292,312,0.339,148000.0,7.0,12.516748485435865,119.29506796843623
9.9,78.6,94,24.59,84.52,0.0,33.6,32.2,34,36.2,30.2,288,274,168,91,283,332,0.303,149000.0,7.2,11.672247754937974,138.191088992132
9.9,78.7,59,24.59,84.52,0.0,29.3,28.0,37,40.0,30.8,315,248,168,98,285,340,0.332,149000.0,7.3,11.580058545039783,125.35826708490102
9.9,78.8,48,24.59,84.52,0.0,33.1,26.0,39,36.6,30.3,321,262,182,63,277,356,0.307,144000.0,7.3,11.295056542250563,121.5945624584133
9.9,78.9,32,24.59,84.52,0.0,35.1,29.2,38,38.3,26.6,331,301,173,58,270,362,0.345,141000.0,7.5,10.297081603205786,131.48377442265664
9.9,79.0,18,24.59,84.52,0.0,32.9,32.1,41,34.9,32.2,331,333,183,58,307,365,0.423,139000.0,7.3,11.532657394521168,139.03104357195457
9.9,79.1,6,25.92,81.36,0.07,37.4,34.4,48,31.2,31.4,353,337,199,72,295,381,0.443,136000.0,7.2,11.70348432783812,147.8690672906194
10.0,76.4,5,27.42,75.94,1.45,29.7,19.0,51,40.6,29.7,366,306,172,171,326,385,0.427,123000.0,5.3,9.629592596811154,102.85678588389621
10.0,76.5,38,27.42,75.94,1.45,31.2,19.6,48,39.9,28.8,354,339,156,133,327,389,0.376,118000.0,5.4,10.036134074845023,104.57729306443665
10.0,76.6,20,22.04,84.56,0.0,28.7,16.5,55,41.9,29.4,346,346,159,128,327,386,0.343,116000.0,5.3,9.546249757426578,95.20113290997426
10.0,76.7,43,22.04,84.56,0.0,31.2,15.5,58,36.7,32.1,356,427,160,124,323,391,0.415,117000.0,5.3,9.533815552788967,94.06480434145554
10.0,76.8,196,22.04,84.56,0.0,30.6,14.7,60,34.4,35.0,390,500,167,148,340,388,0.455,108000.0,5.3,9.62599248842368,92.04285584893749
10.0,76.9,569,22.04,84.56,0.0,37.2,17.8,66,35.2,27.6,424,682,202,180,318,409,0.521,110000.0,5.5,10.469306048733053,103.31736528318518
10.0,77.0,637,22.04,84.56,0.0,32.5,15.1,58,41.2,26.4,378,440,188,113,338,398,0.456,112000.0,5.3,9.52919391451718,93.78179638933003
10.0,77.1,924,22.04,84.56,0.0,34.7,15.9,62,33.5,31.8,411,405,188,112,315,397,0.417,111000.0,5.4,9.913675854918479,96.39957880109843
10.0,77.2,1204,20.45,85.99,0.0,35.0,18.7,67,32.1,32.9,425,446,206,93,322,410,0.489,110000.0,5.4,10.010137125804745,104.65214257778052
10.0,77.3,726,20.45,85.99,0.0,29.0,24.9,64,40.1,30.8,376,392,160,159,301,373,0.551,127000.0,6.5,13.994963554888113,119.27979919114344
10.0,77.4,327,20.45,85.99,0.0,32.5,25.1,52,45.0,22.4,336,315,158,113,289,371,0.295,135000.0,6.5,13.175832090798744,118.81436752007514
10.0,77.5,287,20.45,85.99,0.0,35.5,25.0,45,41.8,22.7,313,279,170,79,296,367,0.379,140000.0,6.5,13.15248703134166,120.80116277894167
10.0,77.6,290,20.45,85.99,0.0,29.6,26.4,38,46.7,23.7,295,225,159,113,309,350,0.306,142000.0,7.1,12.312291388516847,121.02948478374203
10.0,77.7,428,20.45,85.99,0.0,30.5,25.5,48,43.9,25.7,341,294,168,139,283,367,0.378,131000.0,6.7,13.386656834548493,119.86121704113187
10.0,77.8,215,20.45,85.99,0.0,29.8,24.2,39,44.6,25.6,293,229,149,79,271,370,0.27,146000.0,7.0,12.543697034746394,114.98859736097138
10.0,77.9,184,23.52,84.62,0.0,30.2,24.6,38,42.6,27.1,297,239,159,119,273,354,0.298,151000.0,7.1,12.255128021444454,116.51318170693187
10.0,78.0,158,23.52,84.62,0.0,27.0,24.0,41,42.0,31.0,292,271,161,101,293,361,0.32,145000.0,6.8,13.344340746275341,113.7810147985853
10.0,78.1,160,23.52,84.62,0.0,31.8,31.1,47,40.7,27.6,305,264,163,80,262,364,0.28,147000.0,7.1,12.110150758547675,134.07725322236888
10.0,78.2,151,23.52,84.62,0.0,31.9,32.7,38,39.7,28.4,279,244,166,118,278,369,0.263,150000.0,7.2,11.694509469493406,138.10325626520165
10.0,78.3,134,23.52,84.62,0.0,32.7,29.4,35,39.0,28.3,288,259,169,98,275,337,0.293,147000.0,7.2,11.708441566782959,130.2161047997694
10.0,78.4,138,23.52,84.62,0.0,33.4,31.0,47,35.6,31.0,331,299,175,110,263,332,0.351,143000.0,6.9,12.751151891882493,135.5036588103626
10.0,78.5,100,24.59,84.52,0.0,35.3,29.0,45,36.3,28.4,312,291,176,84,274,335,0.361,148000.0,7.0,12.373252770711373,131.2336477959802
10.0,78.6,89,24.59,84.52,0.0,35.3,28.2,35,37.9,26.8,291,246,171,85,288,333,0.311,147000.0,7.2,11.5804536584928,128.5094870459251
10.0,78.7,67,24.59,84.52,0.0,33.3,25.8,38,37.5,29.2,320,249,177,75,269,337,0.332,144000.0,7.3,11.332841497289424,121.43442392032419
10.0,78.8,63,24.59,84.52,0.0,34.2,26.2,40,38.4,27.4,316,242,172,71,269,338,0.347,144000.0,7.4,10.84737073508635,123.07455293689056
10.0,78.9,40,24.59,84.52,0.0,38.9,36.1,39,36.9,24.2,328,235,183,53,304,362,0.413,148000.0,8.2,6.2597838813428694,152.94981758534763
10.0,79.0,26,24.59,84.52,0.0,40.0,37.4,42,32.8,27.2,308,304,177,66,303,361,0.371,144000.0,8.0,7.319156519383982,156.55834222980315
10.0,79.1,17,25.92,81.36,0.07,35.6,32.7,48,34.0,30.4,327,394,195,78,292,366,0.323,140000.0,7.0,12.271591472342466,140.81913964670233
10.0,79.2,7,25.92,81.36,0.07,35.4,27.5,47,30.4,34.2,330,366,209,60,303,369,0.484,,6.9,12.887343058374622,128.58896590697785
12.7,79.7,71,24.85,76.75,0.22,34.1,28.4,38,35.3,30.6,260,277,169,64,261,377,0.286,140000.0,7.1,11.972653055847507,128.16722368350364
13.8,78.6,763,21.13,78.54,0.0,31.2,21.6,53,46.2,22.6,278,183,167,186,318,351,0.343,130000.0,6.9,12.886401623391306,109.53841327371268
13.8,78.8,464,21.13,78.54,0.0,36.6,27.1,33,38.3,25.2,220,150,163,79,281,373,0.253,141000.0,7.1,11.73649987597525,125.4940470934501
13.8,79.0,459,21.13,78.54,0.0,32.0,28.2,37,41.7,26.3,248,159,167,164,298,374,0.24,140000.0,6.8,12.802662092304878,126.07632852961568
13.8,79.1,504,21.56,84.9,0.0,31.0,27.8,36,39.1,29.9,249,205,163,141,288,380,0.25,142000.0,7.0,12.416476010161956,124.68061822799427
13.8,79.2,978,21.56,84.9,0.0,29.9,28.5,65,44.8,25.3,343,327,176,196,327,352,0.403,117000.0,6.3,13.48568692195442,127.74904906346758
13.8,79.4,302,21.56,84.9,0.0,34.0,27.8,63,38.9,27.1,290,354,161,173,282,383,0.332,130000.0,6.3,13.03176799908901,127.06996403043775
14.0,76.9,611,23.88,58.47,0.0,39.2,25.9,26,34.2,26.6,204,146,151,70,297,389,0.165,148000.0,7.1,11.367698381741423,122.38160500728999
14.0,78.0,593,22.21,68.99,0.0,30.1,20.4,33,48.7,21.2,224,121,120,158,252,359,0.317,140000.0,6.9,12.903826639178911,105.68662916347543
